NAME,CODE,PACKING,BILLPRICE,MRP,COMID,RNDID
3FD CAP,IB102,10`S,66.22,70.52,C0004100,03801700
4D PLUS TAB,102097,4S,15.63,16.68,C0002300,92945363
4D TAB,102095,4'S,15.63,16.68,C0004100,00152700
ACIVIR 200 DT,116005,10`S,49.2,54.5,C0003700,00169200
ACIVIR 400 DT,116010,5`S,46.94,52.0,C0003700,00169300
ACIVIR 800 DT,116015,5`S,84.4,93.5,C0003700,00169400
ACIVIR CREEM,116020,5GMS,31.59,35.0,C0003700,00169500
ACIVIR EYE OINT,116025,5GMS,29.79,33.0,C0003700,00169600
ACTIFED DM SUSPENSION,BIO010,100ML,29.92,33.15,C5766800,25846100
ACTIFED PLUS TABLETS,BIO009,10S,13.53,14.99,C5766800,20723400
ACTIFED TABLETS,BIO008,10S,11.04,12.24,C5766800,32097500
ACTILYSE VAILS 50MG,160484,SINGLE,32670.0,37500.0,C0003600,00159200
ACTRAPID  INJ,122005,10ML,119.46,129.28,C0004700,00153800
ACTRAPID HM PENFILL,122006,SINGLE,192.37,198.73,C0004700,00153900
ACTRAPID NOVOLET,MAC033,3ML,240.98,0.0,C0004700,23790800
ADAMON INJ,118506,10X1ML,117.94,125.0,C0003000,00207500
ADAMON INJ,160008,10X2ML,197.56,204.0,C0003000,00225100
ADAMON SR CAP 100MG,160013,10S,109.34,124.25,C0004400,43415300
ADAMON TAB,160009,10`S,48.4,51.0,C0003000,00225200
ADELPHANE TAB,120065,10X10'S,48.3,53.5,C0004100,00211600
ADELPHENE ESIDREX,120075,10X10`S,58.67,65.0,C0004100,00210700
ADENOCOR INJ,111030,1VIAL,239.58,275.0,C0004600,00213000
ADLIV CAP,138019,10`S,20.52,25.0,C6012600,00187500
ADLIV DROPS,117509,60ML,25.72,0.0,C6012600,00202900
ADLIV SYP,138017,200ML,47.6,55.3,C6012600,00113100
AEROCORT FORTE ROTOCAPS,116234,30'S,43.62,48.31,C0003700,00142100
AEROCORT INHALER,116035,200MD,105.03,111.33,C0003700,00169800
AEROCORT ROTOCAP,116030,30`S,27.26,30.2,C0003700,00169700
ALAMIN FORTE CAPS,138007,10`S,37.5,41.54,C6012600,00220300
ALAMIN SYP,138020,200ML,238.78,264.51,C6012600,00115300
ALERGIN TAB,116040,10`S,4.47,4.5,C0003700,00169900
ALERID COLD TAB,121046,10S,18.05,20.0,C0003700,00139900
ALERID SYP,116050,30ML,11.55,12.8,C0003700,00170100
ALERID TAB,116045,10`S,22.57,25.0,C0003700,00170000
ALERID-D,116601,10`S,16.7,18.5,C0003700,00208500
ALFACIP 0.25 MCG CAP,CIP096,10`S,44.67,50.5,C0003700,63346700
ALLEGRA 120MG,HOE111,6`S,37.77,41.84,C0002200,30248200
ALLEGRA 180,HOE102,10`S,48.64,53.88,C0002200,11695400
ALLEGRA 30MG TAB,125030,10S,24.84,27.51,C0002200,83186000
ALPHA D3 0.25MG,125024,10S,58.65,65.0,C0002900,10440200
ALPRAX 0.25,130019,10`S,7.81,8.65,C0003400,00195200
ALPRAX 0.5,130018,10`S,14.12,15.65,C0003400,00195100
ALPRAX FORTE,116290,10`S,42.87,47.5,C0003400,00174800
ALPRAX PLUS,116300,10`S,28.79,31.9,C0003400,00175000
ALPRAX SR 0.5MG,130151,10`S,17.6,19.5,C0003400,58319400
ALPRAX SR 1.5MG,130128,10`S,32.19,0.0,C0003400,83400700
ALPRAX SR 1MG,130124,10`S,21.02,0.0,C0003400,09674000
ALPRAX-1,118045,10'S,20.76,23.0,C0003400,00150700
ALROF-12.5MG TAB,101187,10S,8.93,0.0,C6012600,14540400
ALROF-25MG TAB,101189,10S,16.7,0.0,C6012600,15018000
ALSTAT INJ,138014,2ML,18.25,20.22,C6012600,00197100
ALSTAT TAB 250MG,138013,10`S,40.56,45.0,C6012600,00196700
ALTIVA 120,RAN115,10`S,60.03,66.5,C0002700,98195300
ALTIVA 180,RAN105,10`S,79.44,82.0,C0002700,74605300
ALTIVA 30MG,106298,10'S,20.31,22.5,C0002700,00159400
ALTIVA SUPESION,102016,60ML,40.19,0.0,C0002700,74727400
ALTIVA TAB 60MG,106297,10'S,31.59,35.0,C0002700,00147800
ALTIVA-D TAB,106114,10'S,56.44,60.0,C0002700,00144600
ALUPENT 10MG TAB,115004,100`S,180.24,205.0,C0003600,00211900
ALUPENT SYP,115006,100ML,41.18,46.8,C0003600,00212000
AMARYL 1MG,107055,10'S,47.85,53.0,C0002800,00122200
AMARYL 2MG,107050,10'S,93.35,103.4,C0002800,00122100
AMARYL 3MG,117555,10'S,116.91,129.5,C0002800,00207600
AMILOPRES AT 25,106120,10'S,18.5,20.5,C0003700,00118000
AMINOSTRERIL 8.5%,SKF010,250ML,198.0,225.0,C0004800,00192200
AMLOCOR-10,118007,10`S,36.28,40.2,C0616200,00205900
AMLOCOR-2.5,118600,10`S,10.91,12.1,C0616200,00219800
AMLOCOR-5,118085,10'S,18.1,20.05,C0616200,00151500
AMLOPRES 2.5MG,116044,10`S,8.67,9.6,C0003700,00199900
AMLOPRES L 5-5,116001,10`S,41.07,45.5,C0003700,00200600
AMLOPRES- Z TAB,150020,10'S,45.13,50.0,C0003700,00142800
AMLOPRES-5MG TAB,116060,10`S,15.88,17.6,C0003700,00170300
AMLOPRES-AT TAB,116055,10`S,26.18,29.0,C0003700,00170200
AMLOSTA 5MG TAB,BIO036,10S,7.3,8.1,C5766800,04717100
AMOXIL 250MG CAP,160001,6`S,16.37,18.6,C0003000,00146300
AMOXIL 500MG CAP,160005,6`S,30.84,35.4,C0003000,00146400
AMOXIL DRY SYP,160010,60ML,22.88,26.0,C0003000,00146500
ANAFLAM SUSP,138006,60ML,9.98,10.65,C6012600,00220700
ANAFLAM TAB,138005,10S,6.19,6.77,C6012600,00222800
ANDROZ 100,111031,10'S,244.55,271.0,C0616200,00161200
ANDROZ 25,140090,10'S,109.19,121.0,C0616200,00132700
ANDROZ 50,111026,10'S,163.34,181.0,C0616200,00161100
ANGICOR 20,120070,10`S,24.28,27.5,C0004100,00210000
ANGICOR 40,120010,10`S,37.07,41.9,C0004100,00210100
ANGICOR 60MG,120015,10`S,41.98,47.2,C0004100,00210200
ANGIO-GRAFFIN 65%,115001,20ML,112.39,134.8,C0003600,00133300
ANTI SNAKE VENOM SERUM,121080,10ML,346.5,375.0,C0003900,00138100
ANTIDEP 75,118555,10`S,14.04,15.55,C0004500,00215500
ANTIDEP TAB,118130,10`S,5.38,5.95,C0004500,00168900
ANTRENYL TABS,102050,10X10',136.81,155.0,C0002300,00105900
ARAVA 10MG TAB,107755,30S,1219.68,1320.0,C0002800,75520300
ARAVA 20MG,106655,30S,2368.59,2564.0,C0002800,82189300
ARINAC AH TABLETS,103011,10',12.39,13.0,C0003200,00138900
ARINAC FORTE,103247,6'S,11.44,0.0,C0003200,00143600
ARINAC SYP,103250,60ML,13.41,0.0,C0003200,00168700
ARINAC TAB,103225,10`S,11.44,11.75,C0003200,00211100
ARTAGEN TABLETS,106026,10'S,32.16,0.0,C0002700,00116400
ASA TAB,109081,14'S,2.54,2.6,C0003000,00126500
ASCABIOL LOTION,105116,50ML,13.78,15.35,C0002600,00112600
ASCOBIOL LOTION,105117,100ML,24.49,0.0,C0002600,00112700
ASTELONG,130020,10`SL,19.04,21.1,C0616200,00130000
ASTHAFEN SYRUP,130022,60ML,31.41,34.8,C0003400,00195400
ASTHAFEN TAB,130021,10`S,12.64,14.0,C0003400,00195300
ASTHALIN 2MG TAB,116070,10`S,3.26,3.45,C0003700,00170500
ASTHALIN 4MG TAB,116075,10`S,4.92,5.21,C0003700,00170600
ASTHALIN EXPT,116085,110ML,9.02,9.56,C0003700,00170800
ASTHALIN INHALER,116095,200MD,72.61,76.97,C0003700,00171000
ASTHALIN RESP,116346,10X2.5ML,32.01,33.9,C0003700,00185700
ASTHALIN RESP,116007,15ML,14.71,15.59,C0003700,00186800
ASTHALIN ROTACAP,116100,30`S,15.58,16.51,C0003700,00171100
ASTHALIN SA-4 TAB,116105,10`S,5.71,6.05,C0003700,00171200
ASTHALIN SA-8 TAB,116080,10`S,8.49,9.0,C0003700,00170700
ASTHALIN SYP,116090,112ML,10.57,11.21,C0003700,00170900
ASTHLIN ECOPACK INHALAR,116554,400MD,90.24,95.66,C0003700,00208000
AT0RLIP-20,110301,10S,124.85,140.0,C0003700,45453800
ATORLIP-10,120925,"10""S",67.71,75.0,C0003700,00202500
ATP 30 SOFTGEL,117511,15`S,204.75,247.0,C0394900,00203100
AUGMENTIN 1000 DUOFLUANXOL-1MG,SKF096,4`S,161.84,179.6,C8081100,00153300
AUGMENTIN 300MG INJ,SKF005,SINGLE,44.01,49.5,C8081100,00141400
AUGMENTIN 625MG TAB DUO,SKF004,6S,185.55,205.9,C8081100,00187600
AUGMENTIN DUO SYRUP,SKF092,30ML,81.87,90.85,C8081100,77026400
AUGMENTIN I.V 600MG,SKF130,10ML,74.98,0.0,C8081100,00130300
AUGMENTIN INJ 1.2GM,SKF001,SINGLE,144.64,160.5,C8081100,00104100
AUGMENTIN TABS 375MG,SKF002,6',147.33,163.5,C8081100,00104200
AVIL 25MG TAB,107005,25X10'S,57.31,60.73,C0005000,00121200
AVIL 50MG TAB,107010,25X10'S,72.69,77.04,C0005000,00121300
AVIL AMP,107015,10X2ML,36.06,39.94,C0002200,00121400
AVIL EXP,107030,100ML,25.98,28.78,C0002200,00121700
AVIL RETARD,107025,10`S,8.91,9.86,C0002200,00121600
AVIL VAILS,107020,10ML,7.16,10.95,C0002200,00121500
AVOMINE,105006,10'S,10.04,11.13,C0002600,00112500
AXALIN EXPECTORANT,190090,100ML,27.36,29.0,C0003700,00183200
AZEP NASAL SPRAY,109900,SINGAL,107.71,122.4,C0003000,00217300
AZUKON M TAB,MV013,10S,31.58,35.0,C0616200,24239153
AZUKON TAB,MV014,10S,23.46,26.0,C0616200,46611372
B-BANG 250MG TABS,140250,10S,24.07,24.88,C0394900,00131700
B-D ULTA-FINE (100UITS),117061,1CC,4.95,5.9,C0004200,00158700
B-D ULTRA-FINE (PEN NEEDDIES),150049,30X8MM,4.76,5.0,C0004200,00165600
BABYMATIC,GSK001,SINGLE,306.36,406.0,C0002900,01994600
BACTROBAN 5GM,SKF006,5GM,53.02,58.75,C8081100,00148700
BAMBUDIL 10MG,116193,10`S,20.31,22.5,C0003700,12228300
BAMBUDIL 20MG,116152,10`S,32.95,36.5,C0003700,87920300
BAMBUDIL ORAL SOLUTION,150016,60ML,21.67,24.0,C0003700,00188000
BANOCIDE FORTE TABLETS,BIO013,10S,4.16,4.72,C5766800,20871100
BARALGAN-M TAB,107040,10X10'S,59.86,63.46,C0005000,00121900
BECLATE 100 INHALER,116155,200MD,159.79,177.0,C0003700,00172200
BECLATE 100 ROTOCAP,116145,30`S,32.49,36.0,C0003700,00172000
BECLATE 200 INHALER,116130,200MD,194.99,216.0,C0003700,00171700
BECLATE 200 ROTACAP,116150,30`S,46.94,52.0,C0003700,00172100
BECLATE 400 ROTACAPS,116907,30`S,58.67,65.0,C0003700,00222500
BECLATE 50 INHALER,116140,200MD,127.28,141.0,C0003700,00171900
BECLATE AQUANESE,116165,150MD,127.28,141.0,C0003700,00172300
BECLATE C OINT,116120,15G,14.89,16.5,C0003700,00171500
BECLATE N OINT,116125,15G,14.89,16.5,C0003700,00171600
BECLATE NASALSPRAY,116135,200MD,127.28,141.0,C0003700,00171800
BECLATE OINT,116115,15G,13.54,15.0,C0003700,00171400
BECORIDE FORTE INH,GLA007,SINGLE,251.1,278.25,C0002900,86846200
BECORIDE INHALER,125033,17GM,183.34,203.16,C0002900,82399300
BENACE TAB 10MG,120017,10`S,52.67,59.17,C0002300,00212400
BENACE TAB 5MG,120016,10`S,29.46,33.0,C0002300,00212300
BENSPORE SACHETS,VAN010,1`S,2.19,2.47,C0394900,00167000
BENSPORE TABS,VAN011,10'S,9.16,10.12,C0394900,00157300
BESQUIL TAB 0.25,150150,10S,8.12,0.0,C0004400,25992800
BETACARD 50,118120,14`S,21.66,24.0,C0616200,00165300
BETACARD AM TAB,117044,10'S,26.17,29.0,C0616200,00166500
BETACARD-100,118505,14`S,38.98,43.2,C0616200,00207400
BETACARD-25,118122,14`S,14.94,16.55,C0616200,00187200
BETAPHIL LIQ,110121,60ML,13.62,0.0,C0003100,00140800
BETAPHIL PLUS,102261,100ML,25.04,26.5,C0003100,00192400
BETAPHIL T TAB,110120,10'S,6.12,6.43,C0003100,00137200
BETAPHIL TAB,110125,10'S,5.72,0.0,C0003100,00137100
BETNELAN TAB,125031,25X10'S,88.28,93.5,C0002900,27710200
BETNESOL FORTE TAB,BIO042,10S,7.44,7.88,C5766800,44129800
BETNESOL INJ,125010,6*1ML,29.04,30.78,C0004900,00218200
BETNESOL ORAL DROPS,125009,10ML,9.9,10.49,C0004900,00214500
BETNESOL TABS,125012,25X10S,96.8,102.5,C0004900,00218400
BETNESOL-N EYE DROPS,125131,5ML,8.37,8.87,C0004900,00123700
BETONIN -170ML,122017,170ML,27.07,30.0,C0004700,00154400
BETONIN CZ 15'S,117095,15'S,28.28,29.0,C0004700,00156800
BIBETA SR 500 MG,MV004,10S,0.0,0.0,C0004500,28598276
BIDANZEN FORTE TABS,025047,10S,57.02,63.26,C0002900,00125100
BIDANZEN TABS,125047,10S,31.58,35.0,C0002900,00195000
BILOVAS TAB,109129,10'S,62.04,70.5,C0003000,00148400
BRODIL EXP SYP,114101,100ML,17.81,18.85,C0394900,00190400
BRODIL EXP.SYP,VAN002,60ML,14.41,15.25,C0394900,33099600
BRUCODIN,190019,6S,35.5,0.0,C0002400,11426400
BRUFFEN 200MG TABS,103035,10'S,2.99,3.8,C0002400,00106700
BRUFFEN 400MG TABS,103040,10'S,4.96,5.46,C0002400,00106800
BRUFFEN 600MG TABS,103045,10'S,6.79,8.0,C0002400,00106900
BRUZEN MR,190065,6`S,40.16,0.0,C0002400,00182700
BUSCOPAN AMP,109040,10X2ML,52.8,60.0,C0003000,00126300
BUSCOPAN SUPP 7.5MG,115096,5`S,22.0,25.0,C0003000,00134400
BUSCOPAN TAB,109042,10'S,15.3,17.4,C0003000,00126400
BUTOP CREAM,110068,15GM,37.92,42.0,C0003700,12840300
CALCIGARD RTD,118150,10'S,11.83,13.1,C0004500,00151700
CALCIGARD-10,118125,10`S,8.44,9.35,C0004500,00165400
CALCIGARD-10 RTD,118008,10`S,8.86,9.8,C0004500,00206000
CALCIGARD-5,118020,10'S,5.86,6.5,C0004500,00150200
CALCINOL GRANULESS,190011,10X25MG,40.48,45.0,C0004800,00187900
CALCINOL SYRUP F,190010,120ML,24.73,26.2,C0004800,00181700
CALCINOVA LIQUID,SKF061,200ML,40.84,45.75,C6194700,22041200
CALCINOVA TAB SMALL,117190,15'S,29.13,33.0,C6194700,00162300
CALCIUM SANDOZ AMP,102206,5X10ML,84.25,95.0,C0002300,00191700
CALMPOSE 5MG TABS,106025,5X10'S,43.95,48.75,C0002700,00116300
CALMPOSE AMPS,106030,10X2ML,92.53,102.5,C0002700,00116500
CALPOL DROPS,BW0005,60ML,12.11,13.42,C0004900,00204500
CALPOL SUSP,BW002,60ML,14.95,16.57,C0004900,00167700
CALPOL TAB,BW001,10`S,6.77,7.5,C0004900,00214600
CANFEM 100MG SUPPOS,102096,6S,23.76,27.0,C0003000,87706300
CANFEM 200MG SUPPOS,160011,3S,21.12,24.0,C0004400,14001600
CANFEM VAGINAL CREAM,160012,30GM,29.04,33.0,C0004400,45820300
CAPRAMIN SR CAPS,125022,10`S,20.31,22.5,C0004900,76783300
CARBATOL 100MG,118522,10`S,7.95,8.43,C0004500,41732500
CARBATOL 200MG,118100,10'S,15.47,16.4,C0004500,00164200
CARBATOL CR 400,130252,10`S,35.11,37.23,C0004500,00208400
CARBATOL CR-200,118044,10`S,18.18,19.28,C0004500,00213500
CARDACE  -1.25MG,107076,10'S,26.18,29.0,C0002800,00122400
CARDACE  -2.5MG,107077,10'S,45.12,49.99,C0002800,00122500
CARDACE  -5MG,107078,10'S,74.47,82.5,C0002800,00122600
CARDACE -10MG,107154,10`S,94.79,105.0,C0002800,00127900
CARDACE H 2.5MG,MAC020,10`S,45.12,49.99,C0002800,91799600
CARDIOXIN TAB,150221,10`S,6.33,7.1,C0002300,00201700
CARLOC 12.5MG,MAC015,10`S,26.18,29.0,C0003700,76330000
CASLOT 12.5MG,140045,10'S,26.88,30.0,C0004300,00131500
CASLOT 6.25MG,140047,10S,14.34,16.0,C0004300,24813600
CASLOT TAB 3.125 MG,140046,10S,8.06,9.0,C0004300,59679900
CAVERTA 100MG TAB,106041,4S,97.49,98.0,C0002700,33124800
CAVERTA 25,120035,4'S,43.33,48.0,C0002700,00210400
CAVERTA 50,120055,4'S,65.0,72.0,C0002700,00210300
CEFDIEL 300MG CAP,105623,4'S,232.1,260.0,C0002700,38341659
CEFDIEL SUS 125MG,100742,30ML,162.49,180.0,C0002700,24705007
CEFOPROX 100MG TAB,116908,6`S,133.95,150.0,C0003700,00222400
CEFOPROX 50 SYP,117515,30ML,71.43,80.0,C0003700,00203500
CEFOPROX SYP,MAC031,30ML,133.95,150.0,C0003700,72647500
CEFOPROX TAB,114105,6`S,239.47,268.2,C0003700,00191300
CEFOXIM 250MG TAB,BIO030,4S,89.27,99.0,C5766800,35111600
CEFROM 1GM,HOE009,SINGAL,549.78,595.0,C0005000,56850500
CEFTUM 125MG CAPTAB,125134,4'S,68.93,77.0,C0004900,13878300
CEFTUM CAPTAB 250MG,125045,4S,134.42,150.34,C0002900,00205200
CEFTUM CAPTAB 500MG,125136,4S,258.32,298.8,C0002900,00124100
CELEX TABLETS 250MG,125046,4S,126.47,140.89,C0002900,00102800
CELIN CHEWABLE TAB,102018,10S,9.75,10.33,C0004900,49082146
CEPODEM 100MG,111001,6`S,103.49,110.0,C0004300,00198500
CEPODEM 200,140065,6'S,157.07,268.2,C0004300,00131900
CEPODEM SUS 50MG,150110,30ML,72.22,80.0,C0004300,26035700
CEPODEM SUSP,150048,30ML,135.41,150.0,C0004300,00165700
CERELYTE 12G,190080,5,27.05,0.0,C0004800,00183000
CERUVIN 75 TAB,196100,10S,134.37,150.0,C0004300,00205000
CETAPIN 500,107099,10`S,6.04,6.69,C0005000,00224100
CETZINE SYP,125025,60ML,23.63,26.48,C0004900,83955500
CETZINE TAB,125026,10`S,26.6,29.95,C0004900,76905300
CHERCOUF SOFGEL,150250,10`S,22.79,25.25,C0004300,00198400
CHERICOF COUGH,150050,60ML,24.01,25.0,C0004300,00145600
CHERICOF L.GINGER,150254,8`S,18.66,21.0,C0004300,00225500
CHERICOF X SYR,125013,60ML,22.36,25.0,C0004300,83118900
CHUFER 100MG TAB,150095,10'S,36.45,41.0,C0003900,00164700
CHUFER 50MG TAB,150017,10`S,21.38,24.0,C0003900,00188100
CIFRAN 100MG TAB,106299,10`S,19.07,21.13,C0002700,00189900
CIFRAN 250MG TABS,106040,10'S,45.88,0.0,C0002700,00116700
CIFRAN 500MG TAB,106045,10'S,77.04,85.34,C0002700,00116800
CIFRAN 750MG,106300,4`S,43.29,0.0,C0002700,00159800
CIFRAN CT TAB,106285,10'S,88.61,98.15,C0002700,00163400
CIFRAN CT-H,106302,10`S,48.7,0.0,C0002700,00189300
CIFRAN CTH,106254,10S,0.0,0.0,C0002700,34605800
CIFRAN EYE DROPS,106295,10ML,13.12,14.75,C0002700,00121100
CIFRAN I.V.INJ,106060,100ML,41.6,46.2,C0002700,00116900
CIFRAN IV BIG,SOL120,200ML,41.6,50.0,C0002700,00166900
CIFRAN OD 500MG TAB,150013,5S,50.68,56.14,C0002700,76548500
CIFRAN OD TAB 1000MG,101188,5S,85.17,0.0,C0002700,57953200
CIPLACTIN-SYP,116180,112ML,19.06,20.0,C0003700,00172600
CIPLACTIN-TAB,116175,10`S,8.13,9.0,C0003700,00172500
CIPLAR 40MG,116190,10`S,14.89,16.5,C0003700,00172800
CIPLAR-10MG,116185,10`S,5.6,6.2,C0003700,00172700
CIPLIN-DS TAB,116205,10`S,10.77,11.42,C0003700,00173100
CIPLIN-SYP,116210,50ML,10.44,11.06,C0003700,00173200
CIPLIN-TAB,116200,10`S,7.32,7.75,C0003700,00173000
CIPLOX -D-EYE DROPS,ROC117,5ML,14.15,15.0,C0003700,00128100
CIPLOX 100MG,116006,10`S,18.5,20.5,C0003700,00216600
CIPLOX 750MG TAB,116230,10`S,103.37,114.5,C0003700,00173600
CIPLOX EYE DROPS,116235,5ML,11.29,12.5,C0003700,00173700
CIPLOX EYE OINT,116225,5GM,8.44,9.35,C0003700,00173500
CIPLOX I.V,116216,100ML,24.16,27.0,C0003700,00184800
CIPLOX-250MG TAB,116215,10`S,39.72,44.0,C0003700,00173300
CIPLOX-500MG TAB,116220,10`S,71.23,78.9,C0003700,00173400
CIPLOX-OD-1000,113356,5S,84.14,94.35,C0003700,23267900
CIPLOX-OD-500,112244,5S,50.06,56.14,C0003700,02502100
CIPLOX-TZ TAB,116240,10`S,87.47,96.9,C0003700,00173800
CIPROGARD TABS,117518,10S,72.15,79.6,C0394900,00203800
CLAVANCE DUO DRY SYP,MKP010,30ML,61.3,68.5,C7661900,07987800
CLEARINE EYE DROPS,108070,10ML,24.83,27.5,C0002300,00124700
CLEVANCE 375MG TAB,MKP008,6S,127.99,0.0,C7661900,86000500
CLEVANCE 625MG TAB,MKP009,6S,171.84,0.0,C7661900,49959200
CLEXANE 20 MG INJ,HEX007,SINGLE,173.8,197.5,C0005000,50528300
CLEXANE 40MG,RAP140,SINGLE,305.8,347.5,C0005000,00130400
CLEXANE 60MG,125032,SINGLE,393.8,447.5,C0005000,67251000
CLISTIM-DMR EXP,104016,100ML,37.95,40.0,C0002500,00109200
CLISTIN LIQ,104018,100ML,34.65,36.0,C0002500,00133000
CLIVARINE 3436,MV007,3436,320.32,330.0,C0004700,77890380
CLONOTRIL-0.5,118049,10`S,11.06,12.25,C0004500,00165800
CLONOTRIL-2,118048,10`S,26.85,29.75,C0004500,00166200
CLOPIVAS TAB,BIO025,10S,54.16,60.0,C0003700,40517700
COBADEX FORTE CAPSULES,BIO001,15S,15.29,16.21,C5766800,01635800
COBADEX ZINC CAPSULES,BIO003,15S,15.54,16.48,C5766800,88655500
COD 1000 MG,BIO023,5S,84.14,94.35,C5766800,30128300
COD 500 MG,BIO026,5S,50.06,56.14,C5766800,39287700
CODOKUFF SYRUP,BIO035,100ML,35.2,40.0,C0003600,77864700
COHERO TAB,106250,10'S,32.55,0.0,C0004400,00120100
COLINOL DROPS,120096,10ML,11.77,13.0,C0003100,00210900
COLINOL INJ,PHENOB,2ML,3.4,3.75,C0003100,00115200
COLINOL TAB,110066,10'S,10.2,11.27,C0003100,00136600
COMBIFLAM PED SUSP,155006,50ML,9.91,10.5,C0005000,00220800
COMBIFLAM TAB,155002,10`S,6.19,6.56,C0005000,00220400
COMPLAMINA RETAD TAB,160100,10'S,27.59,31.35,C0003000,00152500
COMPLAMINA TAB,160003,10`S,7.39,8.4,C0003000,00219000
CONPLAMINA AMP,160035,2X14`S,50.16,52.0,C0003000,00147000
CONPRES 12.50MG,106076,10'S,26.17,29.0,C0004500,00188200
CONPRES 3.125MG TAB,106070,10S,9.92,11.0,C0004500,95573100
CONPRES 6.25MG,122031,10'S,15.35,17.0,C0004500,00154800
CONTAC CC TAB BL,SKF085,10`S,10.15,0.0,C6194700,00225400
CONVIRON CAP,106257,10'S,22.35,24.0,C0002700,00140700
CORDARONE INJ,111008,3ML,49.74,56.53,C0004600,00199200
CORDARONE-100,111006,10`S,49.74,55.12,C0004600,00199000
CORDARONE-X,111007,10`S,96.92,107.4,C0004600,00199100
CORPRIL 1.25MG CAP,110029,10'S,22.57,25.0,C0004300,00137500
CORPRIL 2.5MG CAP,110140,10'S,38.82,43.0,C0004300,00165100
CORPRIL 5MG CAP,110200,10'S,66.8,74.0,C0004300,00193500
CORPRIL AM CAP,101101,10S,40.62,45.0,C0004300,46211300
COSAVIL TAB,107075,10X10'S,63.69,70.5,C0002800,00122300
COVAMLO TAB,150236,10`S,60.03,67.5,C0004300,00133800
COVANCE 25MG TAB,150228,10`S,23.47,26.0,C0004300,97071900
COVANCE D TAB,MAC093,10`S,51.46,56.0,C0004300,12266700
COVANCE TAB 50,STA122,10`S,44.23,49.0,C0004300,11006500
CREMADIET,103039,,56.14,60.0,C0002400,39537200
CREMAFEN BLUE SYP,103060,210ML,35.66,38.4,C0002400,00107200
CREMAFEN M/F SYP.,103055,210ML,35.66,38.4,C0002400,00107100
CREMALAX 10MG TABLETS,103245,10`S,18.05,20.0,C0002400,00108800
CREMOFFIN PLUS SYP,103215,110ML,34.01,0.0,C0002400,00160600
CROMAL EYE DROPS,116317,5ML,22.75,25.2,C0003700,00184900
CROMAL FORTE EYE DROP,116019,5ML,33.85,37.5,C0003700,06695400
CYCLOMINOL TAB,110130,10'S,5.5,6.05,C0003100,00165000
CYP-L DROPS,ALB121,15ML,13.46,0.0,C6012600,64626000
CYP-L SYP,138011,200ML,47.31,0.0,C6012600,00156700
CYTOMID 250MG,196001,10S,90.28,100.0,C0003700,00113500
DAKTACORT GEL,104020,5GM,37.9,42.0,C0002500,00109400
DAKTARIN GEL,104025,20GM,36.77,40.75,C0002500,00109500
DANOGEN-100 CAP,116255,30`S,422.47,468.0,C0003700,00174100
DANOGEN-200 CAP,116260,30`S,685.97,759.9,C0003700,00174200
DANOGEN-50 CAP,116250,30`S,213.95,237.0,C0003700,00174000
DAONIL TAB,107125,60X10'S,357.72,396.0,C0002200,00123400
DARVOCET TAB,108035,10S,9.58,9.93,C3781200,00124000
DEPENDAL M TAB,SKF078,10'S,4.81,5.13,C6194700,00153400
DEPENDAL-M SUS,SKF064,60ML,9.34,9.96,C6194700,67254300
DEPLATT 75MG TAB,111012,10`S,134.45,149.0,C0004500,00152900
DEPSONE  100MG TABS,BIO016,1000S,131.52,149.45,C5766800,01271800
DERIPHYLLIN 450 TAB,109021,10',9.21,9.76,C0003000,00125900
DERIPHYLLIN AMP,109015,50X2ML,151.8,172.5,C0003000,00125600
DERIPHYLLIN RET 150,109022,10`S,4.31,4.9,C0003000,00126000
DERIPHYLLIN RET 300,109020,10X10'S,78.28,89.5,C0003000,00125800
DERIPHYLLIN SYP,109024,100ML,11.26,11.92,C0003000,00126100
DERIPHYLLIN TAB,109017,50X10',132.0,150.0,C0003000,00125700
DERIPHYLLIN TAB 250'S,109026,250'S,45.98,48.75,C0003000,00126200
DEWAX EAR DROPS,VAN004,10ML,23.05,23.8,C0394900,22596400
DIBET SR 500MG,MV012,10,8.12,9.0,C0004500,54012828
DIBIMET TAB,102011,10'S,8.44,9.5,C0004100,00104600
DICARIS ADULT TABS,104010,3'S,39.24,43.5,C0002500,00109000
DICARIS CHILD TABS,104005,3'S,18.62,20.55,C0002500,00108900
DICLOGESIC,130023,10`S,13.59,15.05,C0003400,00195500
DIGENE ASSORTED FLAVOURS,103305,60X9`,341.0,360.0,C0002400,00198200
DIGENE GEL MF,103090,210ML,26.85,30.0,C0002400,00107800
DIGENE GEL MINT,103085,210ML,26.85,30.0,C0002400,00107700
DIGENE GEL ORANGE,103080,210ML,26.85,30.0,C0002400,00107600
DIGENE TABS MF,103075,45X9'S,243.54,276.75,C0002400,00107500
DIGENE TABS MINT,103070,45X9'S,243.54,504.0,C0002400,00107400
DIGENE TABS ORANGE,103065,45X9'S,249.98,290.0,C0002400,00107300
DILOSYN EXPT,125011,115ML,25.65,28.43,C0002900,00218300
DILZEM CD 120,140086,10'S,72.19,80.0,C0004500,00145400
DILZEM S.R.,118001,10'S,42.64,47.25,C0004500,00149800
DILZEM-30 TAB,118015,10'S,17.73,19.65,C0004500,00150100
DILZEM-60 TAB,118050,10'S,34.11,37.8,C0004500,00150800
DINEX 100MG,116560,60'S,2037.67,2140.0,C0003700,00179800
DIPEP CAPS,ORC114,10S',28.88,32.45,C0003900,00128000
DISPOVAN SYR 2ML,101230,100`S,192.5,200.0,C0004200,00103900
DISTACLOR 125MG SUS,SKF015,60ML,63.29,71.0,C3781200,00188600
DISTACLOR 500MG CAPS,114030,10S,127.47,143.0,C3781200,00129000
DISTACLOR CD 375MG TAB,140057,10'S,304.99,342.0,C3781200,00145000
DISTACLOR DROPS,140002,10ML,48.98,55.0,C3781200,00130500
DISTACLOR DT 125MG,116295,10`S,71.32,80.0,C3781200,00174900
DISTCLOR CD 750MG,140058,6S,345.28,387.0,C3781200,42104900
DISTCLOR SUSP 187,ELI001,30ML,86.66,0.0,C3781200,99059100
DITIDE TAB,SKF067,10`S,23.84,26.92,C6194700,96824300
DIZEC TAB,SKF108,10`S,19.53,0.0,C6194700,00111900
DOBUTREX 250MG INJ,140082,1S,337.26,365.0,C3781200,00132400
DOCIN TAB,117350,10'S,3.07,5.0,C0004200,00167500
DOLOGRADE INJ,SOL517,5X2ML,108.46,119.0,C0394900,00203700
DOLOGRADE INJ,140015,5X1ML,59.24,65.0,C0394900,00130900
DOMASTAL 5,130250,10`S,10.6,11.75,C0003400,00208100
DOMASTAL DT,130251,10`S,19.49,21.6,C0003400,00208200
DOMSTAL CZ TAB,111002,10S,36.09,40.0,C0003400,00198600
DOMSTAL MT 10MG TAB,130051,10'S,19.49,21.6,C0003400,00197600
DOMSTAL MT-5 MG,130256,10;S,10.6,11.75,C0003400,93683100
DOMSTAL O  CAP,150060,10S,40.61,45.0,C0003400,00161600
DOMSTAL RD TAB,130050,10'S,54.14,60.0,C0003400,00168200
DOMSTAL SUSP,130027,30ML,20.48,22.7,C0003400,00195800
DOMSTAL TAB,130025,10`S,19.49,21.6,C0003400,00130100
DOMSTAL-P TAB,101201,10'S,20.76,23.0,C0003400,27867100
DOUCHING APP,118070,1 NO,15.2,0.0,C0004600,00151200
DOXACARD 1MG,122010,10'S,20.77,23.0,C0003700,00154000
DOXACARD 2MG,122011,10'S,37.47,41.5,C0003700,00154100
DROXYL 125 TAB,130110,6`S,17.95,19.03,C0003400,00215700
DROXYL 250,130003,4`S,35.88,37.59,C0003400,00193800
DROXYL 500,130001,4`S,66.84,70.86,C0003400,00193600
DROXYL SUSP,130002,30ML,25.7,27.24,C0003400,00193700
DUAL ANTIGEN,121090,10X0.5ML,53.13,57.5,C0003900,00140900
DULCOLAX (AD),109013,5'S,37.4,42.5,C0003000,00125500
DULCOLAX (INF)SUP,109011,5'S,32.21,36.6,C0003000,00125400
DULCOLAX TAB,109007,10X10'S,74.8,85.0,C0003000,00125200
DULCOLAX TAB,109009,1000'S,413.51,469.9,C0003000,00125300
DUOLIN INHALER,SOL905,200MD,153.46,170.0,C0003700,00215000
DUOLIN RESP,190130,1UNIT,8.84,9.8,C0003700,00184000
DUOLIN ROTACAPS,117301,30S,48.75,54.0,C0003700,00208600
DUOLUTON-L TAB,160150,21`S,43.56,49.5,C0003000,00158200
DUOVIR  N TAB,BIO034,30S,986.83,1068.0,C0003700,74770800
DUOVIR TAB (60),155090,60'S,1381.38,1495.0,C0003700,00223400
DUOVIR TAB 10'S,116065,10`S,253.18,274.0,C0003700,00170400
DURALYN CR 200MG,190118,10'S,20.61,0.0,C0004800,00167200
DURALYN CR 400MG,190070,10`S,35.61,36.0,C0004800,00182900
DURASAL CR 4MG,117229,10`S,6.77,14.0,C0004800,00144400
DURASAL CR 8MG,190300,10`S,8.7,0.0,C0004800,00199800
DURASALYN-CR,125041,10`S,18.85,20.0,C0004800,19357000
DYRADE-M D.S TAB,116275,15`S,19.77,19.75,C0003700,00174500
DYRADE-M SYP,116280,100ML,21.04,21.15,C0003700,00174600
DYRADE-M TAB,116270,10`S,7.07,7.43,C0003700,00174400
DYSTREP CAP,117010,10'S,11.55,13.7,C0004200,00141700
EBUTOL 400MG,102048,10'S,18.92,21.5,C0004100,00146100
EBUTOL TAB 800MG,102047,10'S,36.08,41.0,C0004100,00144800
ECEE-2 TAB,109043,2'S,61.6,70.0,C0003000,78167687
ECONASE NASA SPRAY,125040,SINGLE,147.09,163.0,C0002900,00201900
EFCORLIN SOLUBLE 100MG INJ,121205,1MLL,36.86,41.89,C0753900,00162500
EFFCAL  CT TAB,117513,6`S,18.05,20.0,C3781200,00203300
EFFCAL ORANGE,BIO029,2S,6.77,7.5,C3781200,01585300
EFFCAL TAB LEMON,116318,2S,6.77,7.5,C3781200,00213600
ELTROXIN 100MCG,GLA001,100S,36.66,40.63,C0002900,33625000
EMESET 4 TAB,140032,10'S,87.3,96.7,C0003700,00143300
EMESET INJ,116285,5X4ML,180.57,200.0,C0003700,00174700
EMESET INJ,116900,5X2ML,126.39,140.0,C0003700,00215900
EMODERM CREAM,GLA003,50GM,36.09,40.0,C0002900,55711300
ENDOXAN ASTA INJ,115098,200MG VI,29.1,33.1,C0003600,00134600
ENDOXAN ASTA INJ,115094,500MG VI,61.64,70.76,C0003600,00138500
ENDOXAN ASTA TAB,115095,10'S,29.82,34.24,C0003600,00134200
ENGERIX B ADULT,SKF007,1DOSE,298.91,323.5,C8081100,00160200
ENGIREX B MULTIDOSE,SKF009,10ML,1555.09,1683.0,C0004200,00192100
ENGIREX B PAED,SKF008,1DOSE,167.24,181.0,C8081100,00191800
ENHANCIN  SUSP,150105,30ML,54.16,60.0,C0004300,00188800
ENHANCIN BD DISTAB 228.5MG,150995,6`S,58.67,65.0,C0004300,00216300
ENHANCIN BD SUSP 228.5MG,150011,30ML,58.67,65.0,C0004300,00192600
ENHANCIN ING 1.2GM,150070,1VAIL,152.56,160.0,C0004300,00161800
ENHANCIN TAB 375MG,100129,8S,149.04,160.0,C0004300,62871217
ENHANCIN TAB 625MG,1001295,8S,230.82,243.0,C0004300,48114267
ENSELIN 2MG,108090,10`S,32.03,35.5,C0004500,00125000
ENSELIN 4MG,SKF012,10`S,53.69,59.5,C0004500,00106400
ENTAMAZOLE FORTE TAB BOTTEL,103105,15'S,29.01,30.0,C0002400,00108000
ENTAMAZOLE SYP,103110,75ML,23.84,0.0,C0002400,00108100
ENTAMAZOLE TABS,103100,6'S,15.86,0.0,C0002400,00107900
ENTAMAZOLE TN TAB,108500,10`S,60.63,0.0,C0002400,00215300
ENTOFOAM,116453,14DOSES,334.4,304.0,C0003700,91076500
EPICOM TAB,122022,100'S,80.34,89.0,C0003200,00159100
EPILEX  TAB,122900,10`S,17.6,19.5,C0003200,00220100
EPILEX 500,140085,10'S,43.33,0.0,C0003200,00141000
EPILEX CHRONO 200MG,140005,10'S,22.57,25.0,C0003200,00130600
EPILEX CHRONO 300MG,117214,10S,31.69,35.1,C0003200,00167400
EPILEX CHRONO 500MG,140010,10'S,55.07,61.0,C0003200,00130700
EPILEX SOLUTION,122901,100ML,42.88,47.5,C0003200,00220200
EPITRIL 0.5MG,120095,10`S,16.61,18.4,C0002300,00209700
EPITRIL 2.0MG,SKF011,10`S,38.93,43.05,C0002300,00209600
EPREX 2000,117300,1VIAL,962.46,1020.0,C0004200,00191000
EPREX 3000 INJ.,JAH,1S,1443.68,1530.0,C0004200,39966700
EPREX 4000 PFS,104245,SINGLE,1919.5,2010.0,C0872700,00200100
EPTOIN 50MG TABS,122021,150'S,72.5,75.0,C0003200,00154600
EPTOIN INJ,103050,5X2ML,36.58,40.0,C0003200,00107000
EPTOIN SYP,TOR104,170ML,32.08,35.0,C0003200,00110100
EPTOIN TAB,122020,100'S,95.37,104.0,C0003200,00154500
ESKOLD EXP,SKF056,60ML,19.62,21.75,C6194700,79288000
ESKOLD SPANS CAP,SKF058,10`S,14.66,16.25,C6194700,00265200
ESPAZINE PLUS 5MG TAB,SKF072,10`S,11.28,0.0,C6194700,79887700
ESPAZINE TAB 1GM,SKF069,10`S,12.22,13.05,C6194700,61370600
ESPAZINE TAB 5MG,SKF071,10`S,12.84,0.0,C6194700,90995600
ESSENTIALE-L,105141,10'S,47.97,53.14,C0002600,00113600
ESSERM TAB,118252,10S,89.34,99.0,C0004500,17980100
ESTROFEM TAB,116245,28`S,323.58,367.7,C0003200,00173900
ETOSID CAP,108125,4S,335.82,372.0,C0003700,00148600
EUDYNA CREAM,160015,20GM,43.3,49.2,C0003000,00146600
EUMOSONE CREAM,GLA004,15GM,28.24,31.83,C0002900,65901800
EUMOSONE M CREAM,GLA006,15GM,34.34,38.73,C0002900,49295000
EUREPA 1.0MG,118900,10`S,45.12,50.0,C0004500,00215600
EUREPA 2MG TAB,117200,10'S,72.19,80.0,C0004500,00164000
EUREPA O.5MG,117086,10`S,27.07,30.0,C0004500,00187300
FALCON 200MG TAB,VAN015,6S,24.0,26.5,C0394900,88217100
FAMOPOLIN-B CAP,117015,10'S,42.13,0.0,C0004200,00141800
FEFOL SPANS CAP,SKF122,30`S,40.61,45.0,C8081100,00129300
FEFOL Z CAP,SKF123,15`S,53.47,59.25,C8081100,00128900
FEGEM 100 TAB,140075,10'S,44.22,49.0,C0616200,00132100
FEGEM 50,117205,10S,23.91,26.5,C0616200,00164100
FEGEM SYP,116311,150ML,53.69,59.5,C0616200,00185100
FELIZ 10MG TAB,PSY003,10S,27.07,30.0,C0004500,05996100
FELIZ 20,PSY001,"10""S",49.63,55.0,C0004500,14452600
FELIZ 40,PSY002,"10""S",89.34,99.0,C0004500,11405100
FERROCHELATE DROPS,138012,15ML,18.76,17.98,C6012600,00196600
FERROCHELATE SYP,138010,200ML,51.91,0.0,C6012600,00156600
FERROCHELATE Z CAPS,138021,10S,18.0,13.94,C6012600,00116100
FERSOLATE CM TAB,112030,30'S,35.34,39.16,C0004900,56213712
FERTOMID-25MG TAB,116305,10`S,26.63,29.5,C0003700,00175100
FERTOMID-50MG TAB,116310,10`S,52.36,58.0,C0003700,00175200
FERTOTAB 25 TAB,SOL500,10`S,30.23,33.5,C0002900,00202400
FERTOTAB 50MG TAB,150222,10'S,66.35,73.53,C0004900,00201800
FESOVIT ELIXIR,SKF063,100ML,12.85,13.56,C6194700,41577000
FESOVIT SPANS CAP,SKF120,30`S,40.47,44.85,C6194700,00129500
FESTAL-N TAB,107080,10'S,32.95,36.5,C0005000,00122700
FETUGARD TABS,117514,10`S,46.46,51.49,C0002900,00203400
FEXO 120 TAB,118126,6S,29.78,33.0,C0004500,52956300
FEXO 180 TAB,118141,6S,40.61,45.0,C0004500,42702300
FINCAR 5MG TAB,196002,10S,77.23,85.55,C0003700,00162400
FINPECIA,122051,10S,31.59,35.0,C0003700,00155400
FLACER FORTE 10MG,VAN201,10'S,48.77,53.5,C0394900,22675100
FLAGYL 200MG TABS,105145,10'S,3.44,3.65,C0002600,00113700
FLAGYL 400MG TABS,105146,10'S,5.97,6.33,C0002600,00113800
FLAGYL F SYP,105151,60ML,9.32,9.87,C0002600,00114200
FLAGYL I.V HOSPETAL,105150,100ML,8.6,0.0,C0002600,00188700
FLAGYL I.V.,105149,100ML,14.18,0.0,C0002600,00114100
FLAGYL SYP,105147,30ML,7.93,8.18,C0002600,00113900
FLAGYL SYP,105148,60ML,12.07,12.45,C0002600,00114000
FLAGYL-F TAB,105206,10'S,9.32,9.87,C0002600,00132800
FLAGYNOR SUSP,106166,30ML,22.64,24.27,C0002600,58318200
FLEMNIL CAP,190060,10X8,94.66,0.0,C0004800,00182600
FLEMNIL LIQUD,190062,120ML,25.25,0.0,C0004800,00190700
FLIXONASE AQU NASAL SPARY,106230,12GMS,315.84,350.0,C0004900,00119900
FLOHALE 100 ROTACAP,116116,30`S,81.25,90.0,C0003700,21224100
FLOHALE 125 INHALER,116588,200MD,216.66,240.0,C0003700,45092400
FLOHALE 250 ROTACAP,116117,30`S,162.49,180.0,C0003700,60570600
FLOHALE 50 INHALER,116553,200MD,171.52,190.0,C0003700,86632700
FLOHALE 50MG INHALLER,116906,SINGAL,216.35,240.0,C0003700,00222600
FLOMEX EYD DROPS,114019,5ML,27.98,0.0,C0003700,00157900
FLOMIST AQ NASAL SPRAY,150019,100MD,135.41,150.0,C0003700,00166600
FLUTIVATE CREAM,GLA011,20GM,64.16,71.1,C0002900,28998200
FLUTIVATE SKIN OINT.,GLA012,20GM,64.16,71.1,C0002900,77047500
FORCAN 100DT,110064,10`S,75.83,84.0,C0003700,00136800
FORCAN 150 CAP,116315,1`S,28.89,32.0,C0003700,00175300
FORCAN 200MG TAB,116345,4`S,149.85,166.0,C0003700,00175500
FORCAN 50MG TAB,116340,4`S,40.17,44.5,C0003700,00175400
FORCAN I.V,116392,100ML,67.07,75.5,C0003700,00199700
FORCAN-TZ KIT,150045,ONE KIT,33.85,37.5,C0003700,00143900
FORISTAL LONTABS,102056,10X10',184.8,210.0,C0004100,00106100
FORISTAL TABS,102055,25X10`S,264.0,300.0,C0004100,00106000
FORSTAF INJ 500MG,125023,SINGALE,294.8,335.0,C0753900,49207800
FORTAGESIC TAB,111225,10`S,17.27,18.31,C0004600,00200300
FORTUM 1 GM,117185,SINGEL,301.55,334.17,C0753900,00162200
FORTUM 250MG,125137,SINGALE,83.11,109.5,C0753900,50429000
FORTUM 500MG INJ,110111,SINGAL,152.91,169.57,C0753900,00127000
FORTWIN AMPS,106075,8X1ML,44.3,46.95,C0002700,00117000
FRASIPARINE 0.6ML,111035,SINGAL,342.67,389.4,C0004600,00201100
FRAXIPARINE 0.3ML,111009,SINGAL,236.19,268.4,C0004600,00199300
FRAXIPARINE 0.4ML,111010,SINGAL,303.28,347.8,C0004600,00152800
FRISIUM 10MG,107228,10`S,54.48,60.36,C0002800,00217900
FRISIUM 20MG,MAC018,10`S,91.18,101.0,C0002800,79470300
FRISIUM 5MG,107225,10`S,27.46,30.42,C0002800,00217800
FROBEN GEL,122090,15GM,38.98,0.0,C0004700,00161400
FROBEN SR CAP,122037,10'S,71.65,0.0,C0004700,00156900
FROBEN TABS,122035,10'S,37.39,0.0,C0004700,00154900
FRUCTODEX SALIEN,190005,500ML,45.76,50.0,C0004800,00181600
FRUCTODEX WATER,190001,500ML,46.64,50.0,C0004800,00181500
FRUSMENE TAB 20MG,111019,10,18.54,19.99,C6194700,00192500
FRUSMENE TAB 40MG,SKF114,10,22.9,24.7,C6194700,00127600
FULSED 1MG INJ,106042,10ML,47.98,0.0,C0002700,88968200
FULSED AMP,106077,10X1ML,272.58,299.83,C0002700,00188300
FULSED VIAL,106078,5ML,27.26,0.0,C0002700,00188400
FUMEDIL LIQ,104207,60ML,19.32,20.5,C0002500,00138300
FUNGICIDE 200,130026,10`S,143.48,150.0,C0616200,00195700
FURACIN CREAM,SKF060,20GM,23.22,25.73,C6194700,02716600
FURACIN CREAM,BIO017,500GM,165.14,183.0,C0002900,59731500
FURACIN POWDER,SKF059,10GM,19.17,21.25,C6194700,76718100
FURADANTIN 50MG TAB,SKF118,10'S,8.35,9.25,C6194700,00150000
FURADANTIN TAB 100MG,111020,10`S,9.02,10.0,C6194700,00153700
FUROXONE SUSP,SKF068,60ML,6.25,6.62,C6194700,24429100
FUROXONE TAB BL,SKF112,10'S,2.06,2.18,C6194700,00151000
GARDENAL -30MG TAB,105157,10'S,6.63,8.24,C0002600,00114500
GARDENAL 60MG,105158,10'S,10.08,11.38,C0002600,00133400
GARDENAL SYRUP,RHO001,60ML,22.72,25.16,C0002600,43438500
GAROIN TABS,105155,10'S,7.63,8.59,C0002600,00114300
GASTRACTIVE LIQ,104045,50ML,27.3,30.25,C0002500,00109800
GASTRACTIVE TABS,104040,10'S,29.46,32.65,C0002500,00109700
GATIQUIN 400 TAB,104060,5S,148.95,165.0,C0003700,29251448
GENE VAC,110145,0.5 ML,79.2,0.0,C0003900,00169000
GENE VAC,110146,1 ML,80.21,85.0,C0003900,00191400
GENTEL 10ML,CIB107,10ML,74.8,85.0,C0002300,94701400
GENTOK DROPS,117091,5ML,8.4,8.9,C0003100,00157400
GENTOK INJECTION,110036,2ML,7.56,8.0,C0003100,00145100
GLACE CAPS,125029,30S,47.5,49.74,C0004900,27342600
GLIMPID 1MG TAB,150010,10'S,20.31,25.0,C0004300,00142600
GLIMPID 2MG TAB,150199,10'S,40.62,45.0,C0004300,00164800
GLIMPID 4MG TAB,106340,10`S,74.02,82.0,C0004300,00198100
GLUCOMOL 0.25,130028,5ML,15.39,17.05,C0616200,00195900
GLUCOMOL 0.50,130300,5ML,25.41,28.15,C0616200,00202100
GLYREB-40MG TAB,117133,10'S,13.3,15.0,C0004100,00162600
GLYRED-80MG TAB,106310,10'S,26.53,30.0,C0004100,00163100
GLYRED-M TAB,102010,10`S,35.52,40.0,C0004100,00104500
GONAL-F-75,121021,SINGALE,1860.47,2013.5,C0003900,00166700
GR ALPHA CAP,102066,"10,S",41.36,47.0,C0003600,00106500
GRAMOGYL SUSP,150009,60ML,21.11,21.8,C0004400,00189000
GRAMOGYL TABE,150025,8'S,18.27,19.52,C0004400,00142900
GRAMONEG M SYP(SC.62.P),106095,40ML,21.09,0.0,C0004400,00117400
GRAMONEG SYP,106090,30ML,15.55,16.07,C0004400,00117300
GRAMONEG TABS,106085,8'S,26.68,30.0,C0004400,00117200
GRAMONEG TN,106132,10'S,57.74,0.0,C0004400,00145700
GRANICIP 1ML INJ,123060,1ML,25.28,28.0,C0003700,42087400
GRANICIP 3ML INJ,105060,3ML,58.67,65.0,C0003700,99959600
GRANICIP-1MG,102500,4S,72.22,80.0,C0003700,41343500
GRES 200MG TABLETS,BIO028,5S,116.25,130.0,C0002600,23691100
GRES 400MG TABS,BIO027,5S,219.53,240.0,C0002600,96838700
GYNO TERAZOLE OINT,104051,15GM,45.12,50.0,C0002500,00158500
GYNOTERAZOLE OVULES,104335,3`S,45.12,50.0,C0002500,00200400
HALOPIDOL 5MG,104222,10`S,26.09,28.95,C0872700,00200000
HALOPIDOL PLUS 10MG,104015,10`S,40.12,44.0,C0872700,00109100
HALOPIDOL PLUS 5MG,104199,10`S,29.98,33.22,C0872700,00215400
HALOXAN MENSA INJ,115083,1GMX3X2M,349.89,0.0,C0003600,00134300
HAPPI 10MG TAB,MV0014,10S,44.0,50.0,C0003000,47113392
HAPPI 20MG TAB,MV015,10S,81.4,92.5,C0003000,81388976
HAVARIX ADULT 1440,ROC115,SINGAL,1256.2,1360.0,C8081100,00127700
HAVARIX720 JUNIOR MONODOSE,114021,1 DOSE,837.14,906.0,C8081100,00128300
HAVRIX PAED 360,SKF099,1 DOSE,837.14,712.0,C8081100,00153200
HEMACCEL IV,HAE,500ML,191.84,218.0,C0004200,90606101
HEMATRINE CAP,120025,30`S,27.04,30.0,C0004100,00209400
HEMSI CAP,121075,10'S,13.0,14.6,C0003900,00134700
HEMSI SYP,121076,200ML,34.54,38.7,C0003900,00140300
HEPATOGLOBINE,190015,300ML,60.68,66.0,C0004800,00181800
HEPATOGLOBINE CAP,190017,30`S,19.84,21.02,C0004800,00190500
HEPITEC TAB,125126,14`S,431.18,1218.0,C0753900,49648400
HERPEX 800DT TAB,130056,5`S,114.61,127.0,C0616200,00198000
HERPEX CR. 5%,130029,5GMS,45.4,50.3,C0616200,00196000
HERPEX TAB,130030,10`S,59.47,65.9,C0616200,00130200
HEXDOL,118500,10`S,9.02,10.0,C0004500,00207200
HEXIDOL FORTE,118110,10`S,23.55,26.1,C0004500,00164400
HEXIDOL PLUS TAB,118080,10`S,18.62,20.65,C0004500,00151400
HIBERIX,117600,0.5ML,369.6,400.0,C8081100,00204800
HIPRES-D TAB,116355,10`S,12.73,14.1,C0003700,00175700
HISNOFIL TAB,140014,10S,23.93,0.0,C0004400,88877800
HISTAC 150MG TABS,106105,10'S,6.39,6.77,C0002700,00117500
HISTAC 300MG TABS,106110,10'S,11.15,11.82,C0002700,00117600
HISTAC AMPS,106115,10X2ML,25.22,26.74,C0002700,00117700
HISTAC EVT TAB,106111,2'TAB,3.67,4.02,C0002700,00133500
HISTAC EVT(CH),106112,2'S,3.8,6.0,C0004400,00151800
HISTAGLOBULIN VIALS,121085,3X2ML,62.51,67.65,C0003900,00139000
HOSTACYCLIN 250MG TABS,101125,10'S,7.83,8.46,C0005000,00102900
HOSTACYCLINE 500MG TABS,101130,10X10S,121.77,131.8,C0005000,00103000
HOVITE DROPS,190025,15ML,25.27,30.0,C0004800,00182000
HOVITE SYRUP,190020,120ML,34.6,40.0,C0004800,00181900
HUMA PEN,117305,1'S,1413.5,1285.0,C3781200,00193200
HUMALOG U 40,140056,1'S,346.5,375.0,C3781200,00144900
HUMAN ACTRAPID,122040,10ML,182.55,197.56,C0004700,00155100
HUMAN ACTRAPID 100IU,122016,10ML,491.89,508.15,C0004700,00154300
HUMAN INSULATARD,125028,10`S,182.62,0.0,C0004700,30445100
HUMAN MIXTARD 100IU,122015,10ML,491.89,508.15,C0004700,00154200
HUMAN MIXTARD 40IU,122045,10ML,182.6,197.62,C0004700,00155200
HUMAN MIXTARD 50,122023,10ML,182.6,197.62,C0004700,00223900
HUMAN MONOTARD,122080,10ML,182.51,197.52,C0004700,00156400
HUMINSULIN 30/70,104050,VIAL,197.74,214.0,C3781200,00109900
HUMINSULIN 30/70 100IU,117521,VIAL,388.08,420.0,C3781200,00204100
HUMINSULIN 30/70 CARTRIDGE,SOL025,5`S,914.76,990.0,C3781200,39545700
HUMINSULIN 50/50,116350,VIAL,197.74,214.0,C3781200,00175600
HUMINSULIN 50/50 100U,121100,10ML,388.08,420.0,C3781200,00162700
HUMINSULIN L U 40,140019,1'S,201.43,218.0,C3781200,00136100
HUMINSULIN N CARTRIDGES,SOL512,5'S,914.76,990.0,C3781200,00203200
HUMINSULIN N U 40,140020,1'S,197.74,214.0,C3781200,00131000
HUMINSULIN NPH 40 IU,104052,VAIL,201.43,218.0,C3781200,20089500
HUMINSULIN R 100IU,140060,VIAL,367.75,398.0,C3781200,00131800
HUMINSULIN R 40IU3,SOL510,VIAL,197.74,214.0,C3781200,00203000
HUMINSULIN U 40I.U,117195,10ML,197.74,214.0,C3781200,00163200
HYDERGINE 1MG,120045,10`S,134.52,151.0,C0002300,00209500
HYDERGINE INJ,120030,6X1ML,148.05,167.0,C0002300,00210500
HYDRAZIDE 12.5MG,211211,10'S,4.96,5.5,C0003700,83564493
HYDRAZIDE 25MG,211212,10'S,9.03,10.0,C0003700,78451161
HYPOTEARS PLUS,117160,10ML,28.89,32.0,C0002300,00162900
IBUGESIC 400MG TAB,116370,10`S,4.96,5.26,C0003700,00176000
IBUGESIC 600MG TAB,116375,10`S,8.1,8.58,C0003700,00176100
IBUGESIC M TAB,116400,6`S,17.47,17.52,C0003700,00176600
IBUGESIC-200MG TAB,116365,10`S,2.99,3.17,C0003700,00175900
IBUGESIC-PLUS SYP,116390,50ML,10.57,10.5,C0003700,00176400
IBUGESIC-PLUS TAB,116380,10`S,7.29,7.41,C0003700,00176200
IBUGESIC-SR300 CAP,116395,10`S,7.68,8.14,C0003700,00176500
IBUGESIC-SYP,116385,50ML,7.65,8.11,C0003700,00176300
IGOL 100MG,190085,100GM,43.27,44.0,C0004800,00183100
IGOL 250GMS,190084,250GMS,80.3,0.0,C0004800,00132600
ILDAMEN 24MG,115021,3X10`S,165.4,187.95,C0003600,00212600
ILDAMEN 8MG,115020,10`S,22.26,25.3,C0003600,00212500
ILETIN 30/70,117135,VIAL,69.22,74.92,C3781200,00161900
ILETIN LENTE 40 IU,117523,VIAL,70.93,76.76,C3781200,00204300
ILETIN NPH 40 IU,140095,VIAL,69.27,74.96,C3781200,00141100
ILETIN R 40IU,117850,VIAL,69.08,74.76,C3781200,00217000
IMODIUM CAPS,104110,4'S,9.43,10.45,C0002500,00110400
IMOSEC F CAP,104106,4'S,18.98,20.0,C0002500,00133700
INDIVAN 400 CAPS,CIP1,30S,1415.05,1500.0,C0003700,34028000
INSULATARD HM PENPHIL,KNO123,5X3ML,958.85,990.55,C0004700,99220100
INSULATARD NOVOLET,122085,SINGLE,241.62,0.0,C0004700,00156500
INSULATARD VAIL,104988,10ML,119.53,129.36,C0004700,00224000
INSULIN 40IU,122060,10ML,110.88,120.0,C0004700,00155500
INSULIN LINT,122061,10ML,110.88,120.0,C0004700,00155600
INSULIN NPH 40IU,103145,10ML,66.79,0.0,C0004700,00108200
INSUMAN 25/75,107128,SINGLE,201.14,217.68,C0002800,00145900
INSUMAN 50/50,107129,SINGLE,201.14,217.68,C0002800,00146000
INSUMAN BASAL,107126,SINGLE,201.14,217.68,C0002800,00145500
INSUMAN RAPID,107127,SINGLE,201.14,217.68,C0002800,00145800
IODEX,126235,20GM,21.0,0.0,C8081100,00149000
IODEX  POWERCREAM,126236,10GM,10.08,0.0,C8081100,00148800
IODEX 10GM,SKF152,10GM,13.44,0.0,C8081100,00141200
IODEX 50GM,106234,50GM,33.56,0.0,C8081100,01464300
IODEX SPORT 35GN,SKF062,35GM,42.87,0.0,C8081100,90057500
IPRAVEMT REP AMP,140028,10X2.5ML,72.27,80.0,C0003700,00141500
IPRAVENT 20 INHALLER,116405,220MD,133.61,148.0,C0003700,00176700
IPRAVENT FORTE INHAHER,116352,120MD,144.43,160.0,C0003700,00217100
IPRAVENT RESP SOLN,116322,15ML,26.63,29.5,C0003700,00185600
IPRAVENT ROTACAPS,116054,30'S,36.11,40.0,C0003700,00132000
JESCLOX 500MG CAP,MKP007,9S,23.27,0.0,C7661900,00954700
JESMOX 125MG KID,MKP003,15,27.57,0.0,C7661900,48856300
JESMOX 250MG CAP,MKP005,15S,47.43,0.0,C7661900,41429900
JESMOX 250MG KID TAB,MKP004,15S,49.01,0.0,C7661900,51950200
JESMOX 500MG CAP,MKP006,15S,83.91,0.0,C7661900,25410600
JESMOX DRY SYP,MKP001,60ML,23.94,0.0,C7661900,15972400
JESMOX DRY SYP,MKP002,30ML,13.75,0.0,C7661900,63434300
JONAC 50MG,160025,10`S,5.89,6.1,C0003000,00146800
JONAC CR CAP,160020,10`S,13.29,15.1,C0003000,00146700
JONAC D.R,160022,10`S,8.27,9.7,C0003000,00222900
JONAC GEL,160090,30GM,20.33,25.0,C0003000,00149700
JONAC INJ,160070,50X3ML,169.28,175.0,C0003000,00148100
JONAC PLUS,160085,10`S,9.59,10.9,C0003000,00149500
JONAC SUPPOS,109003,5`S,15.24,0.0,C0003000,00224900
JONAC SUPPOS 12.5MG,109004,5`S,10.38,0.0,C0003000,00225000
JUMEX TAB,111011,10`S,33.3,36.9,C0004600,00153600
K S KAFIVE,115200,100ML,67.23,76.4,C0003600,00219200
KAMALLSON LIQID,160110,30ML,27.23,31.25,C0003000,00158900
KAMALLSON LIQUID,160105,100ML,59.68,68.5,C0004400,00157000
KAMALLSON OIT,160095,20G,21.77,24.99,C0003000,00152200
KAMILLOSAN CREAM,160106,15GM,17.42,19.8,C0003000,00160400
KAMILLOSAN-N MOUTH SPR,160155,30ML,42.83,48.68,C0004400,00160300
KANORMAL GRM,160160,100G,37.95,42.83,C0004400,00184500
KAPLIN INJ,VA0116,10X1ML,42.47,47.5,C0753900,35762400
KEFLEX BD 375MG,110134,10S,92.13,102.05,C3781200,00167800
KEFLEX BD 750MG,140026,10'S,162.49,180.0,C3781200,00136200
KEFLOR 250MG,106116,10'S,176.81,0.0,C0002700,00117800
KEFLOR DISTAB 125MG,106117,6`S,68.61,72.0,C0002700,00188500
KEFLOR DROPS,106305,10ML,45.13,47.5,C0002700,00164500
KEFLOR GRANUL,106118,30ML,64.1,70.0,C0002700,00117900
KEFLOR MR TAB,106123,6'S,179.06,0.0,C0002700,00152000
KEFLOR REDIMIX SYP,106150,30ML,63.73,71.0,C0002700,00118600
KETANOV DROPS,106290,5ML,23.89,26.5,C0004400,00218100
KETANOV INJ.,106121,10X1ML,118.03,130.0,C0002700,00118100
KETANOVA TAB,106122,10',23.43,25.95,C0002700,00118200
KETODROP EYE DROPS,407080,5ML,22.57,25.0,C0003700,78616400
KINETONE CAP,103161,10'S,41.87,44.0,C0003200,00108400
KINETONE TONIC,103160,200ML,36.27,38.85,C0003200,00108300
LACTACYD 250ML,000191,250ML,99.26,110.0,C0004600,00211500
LACTACYD SYP,130080,60ML,28.88,32.0,C0004600,00168400
LACTODEX 500MG,190105,,131.67,0.0,C0004800,00183500
LACTODEX FOLLOW UP,190110,500MG,133.53,140.0,C0004800,00183600
LACTODEX HMF,190901,20X2,46.42,50.0,C0004800,00205100
LACTODEX LBW,190120,400MG,150.22,157.0,C0004800,00183800
LACTODEX STARTER 500MG,190115,,133.53,140.0,C0004800,00183700
LACTROL GRANULESS,190136,6X4GM,67.65,0.0,C0004800,00186000
LAMITOR 100MG,105197,10`S,88.53,0.0,C0004500,00115900
LAMITOR 25MG,118047,10`S,27.74,30.75,C0004500,00223800
LAMITOR 50MG,105201,10`S,54.14,60.0,C0004500,00116200
LAMITOR 5DT,118214,10S,9.47,10.5,C0004500,40542300
LAMIVIR 150MG (LOOSE),150300,60`S,592.05,640.75,C0003700,00207700
LAMIVIR 150MG TAB,150021,10`S,108.57,117.5,C0003700,00192700
LAMIVIR HBV 100MG,103210,10'S,90.64,103.0,C0003700,00160500
LANOXIN TABLETS,BIO015,10S,8.17,9.06,C5766800,78155900
LANZOL 30 CAPS,116410,10`S,40.9,45.3,C0003700,00176800
LANZOL-15 10`S,116415,10`S,21.85,24.2,C0003700,00176900
LARPOSE 1MG TAB,116420,10`S,6.86,7.6,C0003700,00177000
LARPOSE 2MG TAB,116425,10`S,8.8,9.75,C0003700,00177100
LASILACTONE 50MG TABS,101145,10'S,36.61,38.81,C0002200,00103300
LASIX AMPS,101140,10X2ML,26.72,28.32,C0002200,00103200
LASIX TABS,101135,25X10'S,91.85,97.25,C0002200,00103100
LEFRA 10MG,133020,10S,73.1,81.0,C0003400,37924600
LEFRA 20MG,130201,10S,146.19,162.0,C0003400,85611800
LEFUMIDE 10MG,102036,10S,72.22,80.0,C0003700,01878500
LEFUMIDE 20MG,206050,10S,139.92,155.0,C0003700,59065400
LENTARD INJ,122065,10ML,119.42,129.24,C0004700,00155700
LEOLIDE-150MG TAB,106125,10'S,54.52,0.0,C0394900,00118300
LEUKERAN TAB 5MG,108115,25'S,377.76,429.27,C0753900,00144100
LEVOLIN 0.63MG RESPULES,CIP003,2.5ML,3.4,3.6,C0003700,29574300
LEVOLIN 1.25RESPULES,CIP004,2.5ML,4.72,5.0,C0003700,83655100
LEVOLIN RESPULES,116008,10X2ML,33.99,36.0,C0003700,00216700
LICAB,118005,10`S,9.92,11.0,C0004500,00149900
LICAB XL,118999,10`S,12.28,13.6,C0004500,00216100
LIMARIN 140MG,121115,10`S,47.47,53.6,C0003900,00224600
LIMARIN 70MG,121110,10`S,33.94,35.3,C0003900,00224500
LIMARIN SUSPENSION,121003,100ML,48.29,54.4,C0003900,00218000
LIORESAL 10MG,120040,10`S,69.1,77.8,C0002300,00209200
LIORESAL 25MG,120020,10`S,128.9,144.66,C0002300,00209300
LIPIGEM-300,118009,10`S,72.73,69.9,C0004500,00206100
LISTRIL AM 10S,108012,10S,40.61,45.0,C0004500,23480600
LISTRIL PLUS,118013,10`S,38.26,42.4,C0004500,00206400
LISTRIL-10,118011,10`S,64.98,72.0,C0004500,00206200
LISTRIL-2.5,118030,10`S,18.23,20.2,C0004500,00150400
LISTRIL-5MG,118040,10'S,33.53,37.15,C0004500,00150600
LOGICAL 250MG TAB,121092,30`S,28.73,32.35,C0003900,00145200
LOGICAL 500MG TAB,121093,15`S,26.98,30.4,C0003900,00145300
LOGICAL SUSPENSION,121105,200ML,32.33,36.2,C0003900,00157600
LOMAC 10 CAP,116435,10`S,18.5,20.5,C0003700,00177300
LOMAC 20 CAP,116430,10`S,34.31,38.0,C0003700,00177200
LOMEF 400 TAB,130031,10`S,98.23,108.85,C0616200,00196100
LOPAMIDE,130032,10`S,6.27,6.95,C0003400,00196200
LOPRESOR 100MG,120085,10`S,29.57,33.4,C0002300,00209900
LOPRESOR 50MG,120060,10`S,17.7,19.0,C0002300,00209800
LORVAS,118012,10`S,36.37,40.3,C0004500,00206300
LOTEMP DROPS,BIO038,15ML,14.42,16.0,C0004800,24252900
LOTEMP-650TAB,140100,10S',7.71,8.5,C0004800,00140600
LOTENP SUSP,190035,60ML,21.62,22.25,C0004800,00182100
LOVASTAT 20MG,118090,10'S,71.83,79.6,C0004500,00151600
LOZAPIN 100,118225,10`S,43.68,48.4,C0004500,00217700
LOZAPIN-25MG,118065,10'S,11.81,13.1,C0004500,00151100
LYSIRON DROPS,104115,20 ML,30.18,32.0,C0002500,00110500
M -VAC VIALS,121020,SINGLE,26.27,28.42,C0003900,00134800
MACALVIT 500MG,102105,10`S,26.03,29.5,C0002300,00217400
MACALVIT SYRUP,102262,200ML,44.76,50.0,C0002300,00218500
MACALVIT TAB,125056,10`S,12.42,44.25,C0002300,00128500
MAGNICAL FORTE TAB,BIO019,6S,18.05,20.0,C0002500,31961900
MAGNICAL TAB,104230,30`S,56.85,63.0,C0002500,00144200
MALOCIDE  TAB,130004,2`S,4.36,4.62,C0003400,00193900
MATHERGINE AMP,120008,5X1ML,80.31,90.5,C0002300,00211300
MATHERGINE TAB,120007,10`S,48.44,54.5,C0002300,00211200
MAYLOX GEL,105179,170ML,21.81,24.16,C0002600,00187700
MAYLOX TAB,105215,8`S,3.14,0.0,C0002600,00189200
MEBEX GRANULES,116450,5G,4.06,4.5,C0003700,00177600
MEBEX PLUS TAB,116455,2`S,3.41,3.61,C0003700,00177700
MEBEX SYP,116445,30ML,13.54,15.0,C0003700,00177500
MEBEX TAB,116440,6`S,10.38,11.5,C0003700,00177400
MEBRYL TAB,SKF057,10`S,14.44,16.0,C6194700,18900800
MEGADIN CREAM,110056,10GMS,15.95,17.62,C0003100,00137000
MEGADINE SOLUTION,117302,100ML,48.87,54.0,C0003100,00192900
MELFLAM 15 TAB,116800,10`S,15.8,17.5,C0003700,35635000
MELFLAM 7.5MG,116139,10`S,8.89,9.85,C0003700,40879800
MENSOON CAP,117030,6'S,35.09,38.0,C0004200,00141900
MEPRATE 2.5MG,121018,10'S,11.0,0.0,C0003900,00142000
MEPRATE TAB,121042,10'S,33.24,37.5,C0003900,00140200
METOLAR-50MG TAB,200300,10S,13.54,15.0,C0003700,38559900
METRODIN 75 IU,121040,SINGLE,1100.57,1191.1,C0003900,00134900
METROQUIN TAB,110055,10'S,15.38,15.9,C0003100,00136400
METROQUIN-F SY,110115,60ML,11.3,11.95,C0003100,00138000
MEXITIL 150MG CAP,115003,10`S,171.6,175.8,C0003600,00211800
MEXITIL 50MG,115002,10`S,60.28,68.5,C0003600,00211700
MICOGEL OINT,116460,15G,13.99,15.5,C0003700,00177800
MICRHOGAM 100MG,J&J114,100MG,1105.01,1200.0,C0002500,00159000
MINIGADINE,190057,120ML,21.78,0.0,C0004800,00190800
MIRV AMP,121060,SINGLE,1040.11,1125.66,C0003900,00135300
MISOPROST 100MG,405060,10S,27.98,31.0,C0003700,77065100
MISOPROST 200MCG,203010,4S,46.94,52.0,C0003700,88099300
MIXTARD 30 NOVOLET,122050,3ML,240.98,248.8,C0004700,00155300
MIXTARD 50 NOVOLET,114009,3ML,240.98,0.0,C0004700,00127500
MIXTARD 50HM PENFILL,122100,SINGAL,192.37,200.0,C0004700,00223300
MIXTARD HM PENFIL,122068,SINGAL,192.37,993.69,C0004700,00155900
MIXTARD INJ,122066,10ML,119.52,129.25,C0004700,00155800
MONTAIR 10 TABLETS,BIO031,10S,151.66,168.0,C0003700,65167800
MONTAIR 4 TABLETS,BIO018,7S,66.35,73.5,C0003700,95231700
MONTAIR 5 TABLETS,BIO022,10S,78.99,87.5,C0003700,84436500
MORUPAR VAILS,101158,0.5ML,69.3,75.0,C0002200,00215200
MOSID MT 2.5MG TAB,130016,10`S,15.35,17.0,C0616200,00194900
MOSID MT 5MG TAB,130052,10`S,24.37,27.0,C0616200,00197700
MOTILIUM- M TAB,121005,30'S,83.92,93.0,C0002500,00158300
MOXIF 400TAB,118115,5`S,315.84,350.0,C0003400,00164900
MUCOLINC EXP,116470,100ML,14.97,15.87,C0003700,00178000
MUCOLINC TAB,116465,10`S,3.76,3.99,C0003700,00177900
NAD M SUSP,117804,30ML,12.27,13.0,C0394900,00213400
NAMCLO CAPS,110135,10S,43.42,44.47,C0003100,00163600
NAUSIDOME SYP,NAU103,30ML,20.15,22.0,C0003200,00108600
NAUSIDOME TABS,103180,10'S,20.54,23.0,C0003200,00108500
NEASYN SR 375MG,MV005,10S,12.45,13.8,C0004500,47694158
NEASYN SR 500 MG,MV006,10S,15.75,17.45,C0004500,13951163
NEOGADINE,190040,300ML,49.25,50.0,C0004800,00182200
NEOGADINE  S.G.,190063,300ML,49.82,0.0,C0004800,00223700
NEOPAN 250MG TAB,110070,10'S,13.99,15.45,C0003100,00137700
NEOPAN 500MG TAB,110075,10'S,15.75,17.33,C0003100,00137300
NEOPEPTINE DROPS,190045,15ML,25.23,26.0,C0004800,00182300
NEOPEPTINE LIQUID,190051,100ML,39.66,0.0,C0004800,00191500
NEOPIPETIN LIQUID,190050,60ML,29.28,0.0,C0004800,00182400
NEOROTRAT CAP,160045,10X10`S,83.38,88.4,C0003000,00147200
NEOSPRIN EYE OINTMENT,BIO011,5GM,13.19,14.62,C5766800,63696400
NEOSPRIN POWDER,BIO012,10GMS,22.56,25.0,C5766800,91136200
NEOTREXATE TABS,BIO024,10S,34.12,38.45,C5766800,79031500
NEUROGARD TABS,VAN013,10'S,14.92,15.79,C0394900,00132300
NEUROTRAT AMP,160050,SINGAL,8.53,9.04,C0003000,00147300
NEVIMUMNE TAB 60S,CIP002,60S,986.83,1068.0,C0003700,88416600
NEVIMUNE TAB,104095,10'S,180.92,195.8,C0003700,00110200
NEXPRO 20MG,101020,10S,32.48,36.0,C0003400,01466200
NEXPRO 40MG,102101,10S,56.86,63.0,C0003400,79626700
NICOTEX CAP,113052,10S,124.12,137.5,C0003700,29832000
NIFELANT 10MG CAP,116480,10`S,7.58,8.5,C0003700,00178200
NIFELAT 5MG CAP,116475,10`S,4.74,5.29,C0003700,00178100
NIKORAN IV,106119,SINGAL,107.21,119.9,C0004500,00151900
NIKORAN-10,118017,20`S,180.04,199.5,C0004500,00206700
NIKORAN-5,118016,20`S,125.48,139.05,C0004500,00206600
NIMERIL SUSP,101235,60ML,13.4,14.84,C6012600,00104000
NIMERIL TAB,138008,10S,13.54,15.0,C6012600,00102700
NIVANT 2.5MG,109001,10`S,11.77,0.0,C0003000,00224700
NIVANT 5MG,109002,10`S,22.09,25.1,C0003000,00224800
NIVAQUINE 200MG TABS,105160,10'S,5.84,6.32,C0002600,00114600
NIVAQUINE P AMP,105161,10X2ML,22.33,24.1,C0002600,00114700
NIVAQUINE P AMP 10X5ML,105164,10X5ML,31.97,0.0,C0002600,00147900
NIVAQUINE P FORTE,105190,5`S,7.21,7.8,C0002600,00168800
NIVAQUINE P VIAL,105998,30ML,13.05,0.0,C0002600,00224200
NIVAQUINE SYP,105163,60ML,12.13,12.8,C0002600,00114800
NIZRAL BLUE SHAMPOO,115154,50ML,82.41,91.0,C0872700,00113000
NIZRAL CREAM,104150,20GM,59.4,65.0,C0002500,00111000
NIZRAL SHAMPOO,104146,50ML,115.2,117.0,C0002500,00148500
NIZRAL TABS,104145,10'S,184.99,205.0,C0002500,00110900
NOMIGRAIN 10,130036,10`S,18.87,0.0,C0003400,00196400
NOMIGRAIN 5,130033,10`S,9.83,0.0,C0003400,00196300
NOMOX 250 DT TAB,110050,10'S,30.24,33.4,C0003100,00137600
NOMOX 250MG CAP,110046,10`S,32.07,35.25,C0003100,00148000
NOMOX 500MG CAP,110052,10'S,57.26,0.0,C0003100,00149200
NORFLOX 100 DT,116490,10`S,15.58,17.25,C0003700,00178400
NORFLOX 200MG TAB,116485,10`S,23.47,26.0,C0003700,00178300
NORFLOX 400MG TAB,116495,10`S,42.43,47.0,C0003700,00178500
NORFLOX 800MG TAB,116500,4`S,32.49,36.0,C0003700,00178600
NORFLOX EYE DROPS,116505,5ML,8.89,9.85,C0003700,00178700
NORFLOX EYE OINT,116515,5MG,6.37,7.05,C0003700,00178900
NORFLOX T.Z TAB,116510,6`S,36.8,39.0,C0003700,00178800
NORISTERAT AMP,109101,1ML,117.85,0.0,C0004400,00133200
NORMABRAIN CAP,118084,6`S,22.75,25.2,C0004500,00165900
NORMABRAIN ING,118035,15ML,47.74,52.9,C0004500,00150500
NORMABRAIN SYRUP,118033,100ML,109.1,129.0,C0004500,00166300
NORMBRAIN 800MG TAB,118095,10`S,73.69,81.65,C0004500,00166000
NOVACLOX 1000MG,116624,SINGAL,29.69,29.71,C0003700,00216500
NOVACLOX 500 INJ,116521,5ML,18.85,19.82,C0003700,00186500
NOVACLOX CAP,116520,9`S,41.37,43.85,C0003700,00179000
NOVACLOX LB TAB,116189,6`S,29.72,31.5,C0003700,00215100
NOVACLOX PED TAB,116525,15`S,36.63,38.83,C0003700,00179100
NOVAFINE NEEDLE,122070,SINGLE,6.51,7.0,C0004700,00156000
NOVALGIN AMPS,101200,10X2ML,33.58,35.6,C0002200,00103600
NOVALGIN TABS,101195,20X10',111.79,118.48,C0005000,00103500
NOVALGIN VIALS,101205,30ML,22.72,24.07,C0002200,00103700
NOVAMOX -125 R/U,CIP001,30ML,16.7,18.5,C0003700,00214900
NOVAMOX 125MG DT,116540,15`S,28.67,31.75,C0003700,00179400
NOVAMOX 250 DT,116555,15`S,51.91,57.5,C0003700,00179700
NOVAMOX 250MG CAP,116530,15`S,49.65,55.0,C0003700,00179200
NOVAMOX 500 CAP,116535,6`S,35.66,39.5,C0003700,00179300
NOVAMOX 60 ML,116016,,23.65,26.2,C0003700,93964400
NOVAMOX AX 250 TAB,108025,15`S,57.1,63.25,C0003700,00123800
NOVAMOX AX 500MG,CIP098,6`S,38.63,42.8,C0003700,76150400
NOVAMOX AX REDIUSE,150210,60ML,54.16,60.0,C0003700,00189500
NOVAMOX DROPS,116550,10ML,16.43,18.2,C0003700,00179600
NOVAMOX SYP,116545,30ML,13.18,14.6,C0003700,00179500
NOVAMOX-125 R/U,CIP005,60 ML,27.98,31.0,C0003700,56244800
NOVAMOX-250 REDIUSE SY,116360,20ML,51.46,57.0,C0003700,00175800
NOVAPEN -II,122071,SINGLE,1210.0,1300.0,C0004700,00156100
NOVONORM TAB 0.5MG,155018,15`S,64.69,73.52,C0004700,00222000
NOVONORM TAB 1MG,107090,15`S,107.83,122.54,C0004700,00122800
NOVONORM TAB 2MG,125112,15`S,150.98,171.56,C0004700,00222300
NUCLAV 625 DUO,103036,6S,182.51,0.0,C0002400,96343000
NUCLAV IV INJ,103037,VAIL,143.2,0.0,C0002400,34459600
NURRISH GRANULES,SKF021,200GM,97.33,114.0,C6194700,00146900
NUTRIMOM POWDER,109199,200GM,97.99,115.0,C0004800,00159900
NUTRISAN CAP,102125,30'S,34.65,39.0,C0004100,00160000
NUTROLIN B PED TAB,116518,10`S,10.84,12.0,C0003700,00185300
NUTROLIN B PLUS CAP,116323,10`S,9.67,10.25,C0003700,00146200
NUTROLIN B SYP,116316,60ML,18.11,19.0,C0003700,00185400
NYOLOL DROPS,102119,5ML,24.38,27.0,C0002300,74084400
OBESTAT 10 CAPSULES,140016,10'S,135.41,150.0,C0003700,00135900
OBESTAT 5 CAPSULES,140037,10'S,72.22,80.0,C0003700,00140500
OBIMET TAB,122030,10'S,9.86,0.0,C0004700,00154700
ODIFEX 180MG TAB,BIO032,6S,42.2,46.8,C5766800,20744900
OFRAMAX 1.0GM,106260,SINGLE,64.12,99.0,C0002700,00120500
OFRAMAX 250MG,106259,SINGLE,34.3,0.0,C0002700,00120400
OKACIN,102165,5ML,24.38,27.0,C0002300,00216400
OMIZAC 10MG CAP,110007,10`S,20.93,0.0,C0616200,00137400
OMIZAC CAP,130037,10`S,36.0,39.9,C0616200,00196500
ONE TOUCH BASIC,117522,1KIT,4499.0,4500.0,C0003500,00204200
ONE TOUCH NEW,117003,25`S,491.0,491.0,C0004200,89766900
ONE TOUCH STRIPS,117601,25`S,950.0,950.0,C0003500,00207900
OPRIPRESS S EYE DROPS,CIP225,10ML,26.22,29.05,C0003700,39072800
OPTIPRESS EYE DROPS,116565,5ML,26.22,29.05,C0003700,00179900
ORAP 10MG TABS,104165,10'S,91.51,98.0,C0872700,00111300
ORAP 2MG TABS,104155,10'S,35.43,39.26,C0872700,00111100
ORAP 4MG TABS,104160,10'S,49.96,55.37,C0872700,00111200
OSTCAL SYRUPS LL,SKF017,100ML,34.0,37.68,C0002900,00193300
OSTEOFOS 35 TAB,100069,4S,54.16,60.0,C0003700,52795900
OSTEOFOS 70 TAB,100011,4S,88.46,98.0,C0003700,32875300
OSTOCALCIUM FORTE TAB,025043,15S,27.39,30.35,C0004900,00138800
OSTOCALCIUM TAB LOOSE,116004,60S,36.0,39.9,C0002900,00200800
OSTOCSAL SYRUP BF,140074,100ML,34.14,37.84,C0002900,00139400
OSTOFOS 10,116905,10`S,46.04,51.0,C0003700,00216000
OTC HP KIT,BIO033,6S,53.56,59.4,C5766800,18927400
OTOGESIC EAR DROPS,104190,5ML,27.39,30.25,C0002500,00111700
OTRIVIN DROPS,102060,10ML,27.48,26.1,C0002300,00106200
OTRIVIN PED DROPS,102061,10ML,21.98,24.8,C0002300,00106300
OTRIVIN SALINE,DI1140,10ML,15.99,18.0,C0002300,00127400
OXYSPAS 2.5MG TAB,108030,10`S,35.21,39.0,C0003700,00123900
OXYSPAS 5MG TAB,108150,10`S,67.71,75.0,C0003700,00160100
PALUTHER INJ,SKF013,6X1ML,1199.51,0.0,C0003500,00169100
PANZYNORM N TAB,109109,10'S,56.23,63.9,C0003000,00140100
PARACTOL LIQUID,109099,200ML,22.62,25.7,C0003000,00219400
PARACTOL TAB,109098,6`S,5.72,5.8,C0003000,00219300
PARAFLAX FORTE TAB,104131,10'S,44.37,47.05,C0002500,00148200
PARAFON DSC TAB,104135,6'S,25.21,0.0,C0002500,00110800
PARAFON TAB,104130,20'S,80.31,89.0,C0002500,00110700
PARLODE 2.5TAB,NOV045,10`S,246.16,275.0,C0002300,00122000
PEDIA SYP,104017,60ML,9.65,10.0,C0002500,00109300
PEPEIZ  TAB,150104,2`S,7.32,0.0,C0004300,00188900
PERGONAL 75,121045,SINGLE,783.7,838.5,C0003900,00135000
PERSANTAIN 100MG,109112,10`S,15.49,17.6,C0003000,00219600
PERSANTIN 25MG,109110,10`S,5.85,6.65,C0003000,00219500
PGI-DIS TAB,117526,10'S,11.88,14.0,C0394900,00204600
PGI-JUNIOR TABS,VAN012,10'S,6.5,6.88,C0394900,00132200
PHENERGAGN 25MG TABS,105169,10'S,7.7,8.53,C0002600,00115000
PHENERGAN 10MG TABS,105168,10'S,4.91,5.44,C0002600,00114900
PHENERGAN AMP,105170,10X2ML,34.1,37.7,C0002600,00115100
PHENERGAN ELIXIR,105176,60ML,12.44,14.0,C0002600,00133600
PHENSEDYL LINCTUS,105173,100ML,36.21,39.9,C0002600,00115400
PHEXIN 250MG CAPS,125004,10S,58.38,65.84,C0004900,00214000
PHEXIN 500MG CAP,125003,10S,106.58,120.18,C0004900,00213900
PHEXIN BD TAB 375,125008,10S,90.99,102.05,C0004900,00214400
PHEXIN BD TABS 750,125007,10S,160.55,180.0,C0004900,00214300
PHEXIN DES TABS,125006,10S,59.04,66.55,C0004900,00214200
PHEXIN DRY SYRUP,125001,30ML,39.91,44.9,C0004900,00213700
PHEXIN KID TAB,125005,10S,28.46,32.04,C0004900,00214100
PHEXIN PD.DROPS,125002,10ML,28.91,32.48,C0004900,00213800
PILINIL CAP,117110,10`S,31.17,34.0,C0004200,00166800
PIODIN SOLUTION 5%,123156,100ML,34.39,0.0,C0753900,00124200
PIOGLAR 30MG TAB,150205,10`S,72.22,80.0,C0004300,00198300
PIOGLAR TAB 15MG,106130,10`S,45.13,50.0,C0004300,00118400
PIRITON COUGH SUS,BW006,60ML,26.17,29.0,C0004900,15600700
PIRITON EXP,125044,120ML,24.52,27.17,C0004900,00192000
PIROX 20MG CAP,116580,10`S,26.63,29.5,C0003700,00180200
PIROX DT CAP,116575,10`S,28.44,31.5,C0003700,00180100
PIROX GEL,116585,30G,24.38,27.0,C0003700,00180300
PIROX IM,116570,10X1ML,72.6,80.0,C0003700,00180000
PIROX IM,116886,10X2ML,118.03,130.0,C0003700,00185500
PIROX-10MG,116889,10`S,17.6,19.5,C0003700,00220000
PLACENTREX INJ,138001,2ML,14.48,16.04,C6012600,00221700
PLACENTREX LOTION,138003,60ML,81.8,90.61,C6012600,00220600
PLACENTRIX GEL,138022,20GM,31.14,34.5,C6012600,15278600
POLIO DROPS,117090,10ML,97.02,105.0,C0004200,00149600
PRAGMATAR OINTMENT,SKF100,25GM,11.96,13.25,C8081100,08315600
PREDONE FORTE SYRUP,140025,60ML,65.38,69.0,C0003700,00131100
PREDONE SYRUP,114027,60ML,33.17,35.0,C0003700,00128700
PREPULSAID 20MG TAB,104235,10'S,84.01,93.1,C0002500,00152300
PREPULSID 10MG TAB,104225,10'S,43.73,48.45,C0002500,00143700
PREPULSID 5MG,104226,10`S,29.24,32.4,C0002500,00191200
PRESOLAR CAP,116590,10`S,26.18,42.5,C0003700,00180400
PRIMACOR INJECTION,111014,10ML,836.0,950.0,C0004600,00153100
PRIMOLUT-N TAB,160060,10`S,39.03,44.35,C0003000,00147500
PROCINAL 1.25MG TAB,117222,10`S,76.22,84.46,C0002900,00190300
PROCTINAL 2.5MG TAB,117700,10`S,136.49,151.25,C0002900,00207800
PROCTOSEDYL OINT,155013,10GM,31.91,35.35,C0005000,00221500
PROFASI 10000 IU,121061,SINGLE,704.07,729.0,C0003900,00139300
PROFASI 2000 IU,121055,3X2ML,823.7,874.26,C0003900,00135200
PROFASI 5000 IU,121050,1AMPL,395.89,428.45,C0003900,00135100
PROGINOVA TAB 1MG,115022,21`S,64.55,73.35,C0003000,00212700
PROGYNON DEPOT AMP,160040,10X1ML,213.22,242.3,C0003000,00147100
PROGYNOVA 2MG TAB,108110,21'S,104.9,119.2,C0003000,00144000
PROLUTON DEPORT 500MG,160080,SINGAL,67.23,69.35,C0003000,00149400
PROLUTON-DEPOT 250MG,160075,SINGAL,47.83,54.35,C0003000,00149300
PROTHEDINE 25MG TABS,122075,10'S,13.97,15.75,C0003200,00156200
PROTHEDINE 75MG TAB,122076,10'S,31.34,35.25,C0003200,00156300
PROTOGUT 15MG,150001,10`S,20.04,22.5,C0004100,00189400
PROTOGUT 30MG,116195,10`S,38.96,44.0,C0004100,00172900
PROTOSS PLUS EXPECTORANT,103205,100ML,24.57,26.5,C0003200,00108700
PROVIRONUM 25MG,160065,3X10`S,356.4,405.0,C0003000,00147600
PYLOBACT KIT,106222,6`S,56.33,62.4,C0004400,00191100
PYLOKIT,116222,1KIT,54.16,60.0,C0003700,00217600
PYLOMOX KIT,150500,10`S,33.13,0.0,C0004400,00224400
PZA CIBA 1000MG,102899,10`S,76.12,86.5,C0004100,05928600
PZA CIBA 500MG,102025,10',38.72,44.0,C0004100,00104800
PZA CIBA 750MG,102022,10',57.64,65.5,C0004100,00104700
PZA CIBA SYRUP,102090,100ML,43.12,49.0,C0004100,00152600
PZA-CIBA DISPED TAB,MAC026,10`S,26.05,29.6,C0004100,00544200
QINARSOL 300,116991,10`S,43.12,49.0,C0003700,00186600
QINARSOL INJ,116992,1ML,7.92,9.0,C0003700,00186700
QINERSOL 2ML,116604,2ML,14.96,17.0,C0003700,00189800
QUINTOR 250MG,130005,10`S,30.39,32.0,C0003400,00129700
QUINTOR 500MG,130006,10`S,56.98,60.41,C0003400,00194000
QUINTOR INFUS,130007,100ML,16.84,17.86,C0003400,00194100
QUINTOR TZ,160055,10'S,79.58,0.0,C0003400,00147400
RABIPUR INJ,101245,SINGLE,258.72,294.0,C0002200,00159600
RACIPER 20MG,102106,10S,31.59,35.0,C0002700,18220800
RACIPER 40MG,102199,10S,58.67,0.0,C0002700,31699400
RAGACIN TAB 400MG,150012,5S,90.28,100.0,C0004300,47199572
RALISTA   TAB,131516,10S,85.76,95.0,C0003700,56032260
RAMIPRES 1.25MG CAP,116993,10S,20.77,23.0,C0003700,46655800
RAMIPRES 2.5MG CAP,116994,10S,37.92,42.0,C0003700,13552100
RAMIPRES 5MG CAP,116883,10'S,63.2,70.0,C0003700,00186400
RANITIN 150,130008,10`S,6.36,6.75,C0003400,00194200
RANITIN 300,130009,10`S,11.13,11.8,C0003400,00194300
RANITIN INJ,130010,5X2ML,12.6,13.35,C0003400,00129800
RARICAP -FORTE,104170,30'S,62.26,69.0,C0002500,00111400
RARICAP CAP,104055,40'S,49.63,55.0,C0002500,00110000
RARICAP COMBI TAB,101210,30`S,56.85,63.0,C0002500,00103800
RARICAP LIQ,104096,200 ML,54.34,60.0,C0002500,00110300
RARICAP ZN CAP,104334,30`S,65.08,69.0,C0002500,00200500
REFLIN VIALS 250MG,106205,SINGLE,15.46,0.0,C0002700,00119600
REFLIN VIALS 500MG,106210,SINGLE,25.41,35.98,C0002700,00119700
REFLIN VIASL 1.0GM,106220,SINGLE,46.3,65.69,C0002700,00119800
REGAN 0.5MG TAB,150215,10S,26.18,29.0,C0004300,00189600
REGAN 1MG TAB,150999,10`S,43.33,48.0,C0004300,00216200
REGAN 2MG TAB,117508,10`S,70.41,78.0,C0004300,00202800
REGESTRONE,120080,10`S,41.6,47.0,C0004100,00210800
REPLETONE LIQ,104210,200ML,67.9,72.0,C0002500,00112400
RESPIDON-1,118018,10`S,6.77,7.5,C0004500,00206800
RESPIDON-2,118019,10`S,11.73,13.0,C0004500,00206900
RESPIDON-3,118021,10`S,18.27,20.25,C0004500,00207000
RESPIDON-4,118022,10`S,23.46,26.0,C0004500,00207100
RESPREN TAB,104198,10'S,28.06,29.75,C0002500,00112000
RETINO-A 0.025% CREAM,104125,20 GM,47.74,52.9,C0002500,00110600
RETINO-A 0.05% CREAM,104126,20GMS,55.5,61.5,C0002500,00138200
REVITAL CAPS,106195,10'S,50.07,61.0,C0002700,00119400
REVITAL SYP,106200,100ML,48.84,59.5,C0002700,00119500
REXPAR 100MG,106335,6`S,31.14,0.0,C0002700,00200200
REXPAR 200,106325,6'S,53.5,60.0,C0002700,00164600
RHOFENID EC TAB,105220,10`S,34.25,37.95,C0002600,00199500
RHOFENID GEL,105128,30GM,34.97,0.0,C0002600,00113400
RHOFENID INJ,105126,2X2ML,21.6,23.93,C0002600,00113200
RHOFENID SR TAB,105127,10`S,59.22,65.6,C0002600,00113300
RHOGAM INJECTION,J&J001,SINGLE,1871.1,2010.0,C0872700,00152100
RIBUFEN GEL,103246,25G,35.62,37.15,C0002400,00143500
RICONIA LIQUID,106786,150 ML,46.65,50.0,C0002700,00134500
RICONIA SILVER,BIO021,15S,44.86,48.0,C0002700,38471000
RICONIA TAB,106510,10`S,27.96,30.0,C0002700,00224300
RIFADIN INH TAB,101246,7'S,41.98,44.49,C0005000,00159700
RIFATER TAB,101244,10'S,28.39,30.09,C0005000,00159500
RIMACTANE CAPS 150MG,102026,4',8.15,8.82,C0004100,00104900
RIMACTANE CAPS 300MG,102027,4',15.05,16.32,C0002300,00105000
RIMACTANE SYP 2%,102030,150ML,60.28,63.97,C0004100,00105200
RIMACTANE TABS 450MG,102028,4.'S,20.77,22.2,C0004100,00105100
RIMACTAZID -Z TAB,102029,3'S,14.78,15.69,C0002300,00139800
RIMACTAZID DISPED TAB,102080,10X10'S,121.95,130.0,C0004100,00106600
RIMACTAZID PLUS,CIB106,4S,28.23,29.45,C0004100,54289800
RIMACTAZID TABS,102031,4'S,22.53,24.16,C0004100,00105300
RIMACTAZID+E,102800,2`S,8.12,8.67,C0004100,00217200
RINGER LACTATE IP,ALB120,500ML,19.25,25.0,C6012600,77395000
RIOMET OD 500MG,101000,10S,7.68,9.0,C0004300,15275900
RISPERADAL 1MG,104299,10`S,114.75,127.35,C0872700,93337100
RISPERDAL 2MG,104289,10`S,231.37,256.41,C0872700,26909800
RITE AD SUSP,117080,30ML,23.32,24.7,C0394900,00147700
ROFFIXX 50 MELTES,CIP103,10'S,58.67,65.0,C0003700,13777600
ROFIBAX 12.5MG TAB,110112,10`S,23.02,25.5,C0002700,00136700
ROFIBAX 25MG TAB,110025,10`S,37.47,41.5,C0002700,00141300
ROFIBAX 50MG TAB,RAN1,10S,58.67,62.0,C0002700,41179600
ROFIBAX GEL,110113,30GM,36.31,40.0,C0002700,99759600
ROFIBAX SUSPENSION,106080,60ML,31.93,36.0,C0002700,00117100
ROFIXX 12.5,114095,10'S,21.67,24.0,C0003700,00165500
ROFIXX 25 TAB,117325,10`S,36.11,40.0,C0003700,00167600
RONILAST 10MG,MV010,10S,216.66,240.0,C0002700,93684985
RONILAST 4MG,MV009,10S,99.3,110.0,C0002700,19585365
ROSCILLIN 125MG SYP,106170,40ML,14.72,16.5,C0004400,00119000
ROSCILLIN 250MG CAPS,106145,8'S,25.43,28.0,C0004400,00118500
ROSCILLIN 250MG DIS TABS,106185,10'S,29.34,30.0,C0004400,00119300
ROSCILLIN 250MG INJ,106160,SINGLE,11.29,14.0,C0004400,00118800
ROSCILLIN 500MG CAPS,106155,8'S,45.72,50.0,C0004400,00118700
ROSCILLIN 500MG INJ,106165,SINGLE,14.27,16.0,C0004400,00118900
ROSCILLIN DIS TABS,106180,10'S,16.87,19.0,C0004400,00119200
ROSCILLIN DROPS,106175,10ML,14.76,0.0,C0004400,00119100
ROSCILOX -500MG INJ,150030,10ML,11.37,13.15,C0004400,00143000
ROSCILOX 500MG CAPS,150035,10'S,28.05,0.0,C0004400,00143100
ROSCILOX SUSP,150900,30ML,22.31,0.0,C0004400,00204900
ROSQ-500MG TAB,116003,10S,11.34,12.28,C0394900,00201200
ROSQ-SUSPENSION,116110,60ML,12.18,13.18,C0394900,00171300
ROTAHALER,116605,1UNIT,36.53,44.5,C0003700,00180500
ROTANE FORT TAB,107100,14'S,66.32,73.47,C0005000,00123000
ROTANE TAB,107095,14'S,35.43,39.25,C0005000,00122900
ROVACOR 10MG,150055,10'S,54.53,60.4,C0004400,00161500
ROVACOR 20MG,150040,10'S,95.41,105.7,C0004400,00143800
ROVAMYCIN FORTE TAB,105203,10'S,66.32,73.47,C0002600,00140000
ROVAMYCIN TAB,105199,10'S,56.79,0.0,C0002600,00116000
ROXITHRO KID TAB,140022,10S,43.89,0.0,C0004400,58381900
ROXITHRO TAB 150MG,140108,10S,100.2,0.0,C0004400,09855000
RULIDE 150,155051,10`S,111.31,123.3,C0005000,00223100
RULIDE 300,155052,5`S,109.03,120.78,C0005000,00223200
RULIDE 50,155050,10`S,53.6,59.38,C0005000,00223000
RUMATIN INJ,107035,3ML,4.3,4.75,C0003100,00121800
RUMATIN SR TAB,110065,10'S,28.96,32.0,C0003100,00142400
RUMATIN TABS,140017,10S,13.55,15.0,C0003100,00139600
SACCHARIN TAB,117901,500`S,29.37,32.0,C0004200,00214800
SALBUTAMOL RESP SOLN 10ML,GLA005,10ML,11.68,12.95,C0002900,11310600
SALOFALK 250MG CAP,109135,10`S,34.54,35.7,C0003000,02864700
SANDOCAL 500MG,120005,40`S,107.72,116.0,C0002300,00210600
SECNIL 500MG GRANULES,105210,SINGLE,18.1,0.0,C0002600,00189100
SECNIL FORTE,105120,2'S,31.3,35.23,C0002600,00138600
SEMI-DAONIL TAB,107105,20X10'S,68.97,76.4,C0002200,00123100
SEPMAX DS TABLETS,BIO007,10S,10.52,11.19,C5766800,87573200
SEPTRAN ADULT TABLETS,BIO004,10S,5.96,6.31,C5766800,52347900
SEPTRAN PAED. SUSPENSION,BIO005,50ML,9.74,10.01,C5766800,77437700
SEPTRAN PAED. TAB,BIO006,10S,0.0,0.0,C5766800,02582400
SERACCEL INFUSION,121009,500ML,154.0,175.0,C0003900,00157800
SERENATA 100MG,118215,10`S,54.14,60.0,C0004500,00225800
SERENETA 50MG,118103,10'S,31.58,35.0,C0004500,00161300
SERETIDE 125 EVOHALER,GSK003,SINGLE,613.64,680.0,C0002900,53082900
SERETIDE 250 EVAHALER,GSK002,SIGLE,699.36,775.0,C0002900,54367900
SERFLO 250 R/C,125108,30S,176.94,196.0,C0003700,00123500
SERIVA 0.4MG,130090,10'S,67.68,75.0,C0004500,00208300
SERIVA 0.8MG,130100,10`S,126.34,140.0,C0004500,00168500
SEROBID INHALAR,116610,200MD,117.36,130.0,C0003700,00180600
SEROBID ROTACAP,116615,30`S,46.04,51.0,C0003700,00180700
SEROFLO 100 ROTA CAPS,116198,30`S,88.46,98.0,C0003700,00124300
SEROFLO 250INH,116660,120MD,334.0,370.0,C0003700,00202000
SEROFLO 50 INHALER,155011,120MD,189.57,210.0,C0003700,00221300
SEROFLO 500R/C,125125,30S,207.63,230.0,C0003700,77456500
SESTIL FM SUS,VAN003,60ML,12.21,12.52,C0394900,02925000
SESTIL-AD TAB,140031,10'S,14.84,15.7,C0394900,00139700
SEVISTA TAB,117199,8'S,64.98,72.0,C0616200,00190900
SHEILD OINT,SKF070,15GM,33.39,37.0,C6194700,81227600
SIBELIUM 10MG TAB,104195,10'S,32.26,35.75,C0002500,00111800
SIBELIUM 5MG TAB,104220,10'S,18.34,20.32,C0002500,00143400
SICRIPTIN 1.25,121014,5`S,61.81,69.7,C0003900,69558300
SICRIPTIN 10MG,160004,10'S,355.63,400.0,C0003900,00219100
SICRIPTIN 5MG TAB,103115,10'S,199.86,767.0,C0003900,00158100
SICRIPTIN TAB,121015,5'S,111.43,125.0,C0003900,00157700
SILAGRA 100 TAB,116091,4S,97.49,108.0,C0003700,15036106
SILAGRA 25MG TAB,110999,250MG,43.33,0.0,C0003700,00225300
SILAGRA 50MG TAB,110585,10S,65.0,72.0,C0003700,00204700
SILIMAR CAP 140MG,MAC025,10`S,53.86,61.2,C0003000,96862800
SILIMAR CAP 70MG,MAC003,10`S,35.9,40.8,C0003000,59149200
SIMCARD 10MG,116118,10`S,72.22,80.0,C0003700,07656200
SIMCARD 20MG,116211,10`S,126.38,140.0,C0003700,18011700
SIMCARD 5 MG,116119,10`S,45.13,50.0,C0003700,66547200
SIMROSE CAP,115011,15`S,74.75,89.0,C0003900,00137900
SIMVOTIN 10MG,150101,10`S,72.77,80.6,C0004300,00201400
SIMVOTIN 20MG,150102,10`S,127.28,141.0,C0004300,00201500
SIMVOTIN 5MG,150220,10`S,45.5,50.4,C0004300,00201600
SINE AID TAB,104185,10'S,19.1,20.25,C0002500,00111600
SIOBAN SYP,138015,10ML,13.46,10.0,C6012600,00191600
SIOBAN-400MG TAB,116881,1`S,9.32,0.0,C6012600,00186200
SIOKOF SYRUP,117507,100ML,27.78,0.0,C6012600,00202700
SIOKOF-P SYRUP,116882,60ML,18.73,0.0,C6012600,00186300
SIONEURON  FORTE TABS,138004,10S,5.91,6.26,C6012600,00221000
SIONEURON INJ,138002,2ML,5.15,4.63,C6012600,00220500
SIOPLEX LYSINE,138009,200ML,33.76,35.79,C6012600,00168600
SIOTONE CAPSULES,138016,10S,61.55,75.0,C6012600,00127300
SIOZOLE CAP,138018,10S,39.89,44.19,C6012600,00187400
SIPHANE 100MG,MAC002,5`S,46.96,53.1,C0003900,78482300
SIPHENE TAB,121004,5'S,24.73,27.95,C0003900,00158400
SIPHENE-M,121800,10`S,25.27,27.5,C0003900,00205300
SIRDALUD,102235,6`S,37.91,42.41,C0002300,00191900
SLENFIG 10MG CAP,TOR2,10S,135.37,150.0,C0004500,21698700
SLENFIG 5MG CAP.,TOR1,10S,72.19,80.0,C0004500,70234200
SN-15,125015,10S,42.64,48.0,C0003900,02388400
SODIUM  CHLORIDE IP,105156,500ML,18.15,21.0,C6012600,00114400
SOFRA-TULLE 10X10CM,155014,10`S,132.0,142.8,C0002200,00221600
SOFRACORT E/E DROPS,155009,5ML,15.41,16.34,C0002200,00221100
SOFRADEX CREAM,155017,20GM,24.96,27.65,C0005000,00221900
SOFRADEX F CREAM,155016,15GM,25.28,28.0,C0005000,00221800
SOFRAMYCIN EYE DROPS,155030,5ML,7.9,8.36,C0002200,00222700
SOFRAMYCIN SKIN CREAM,155019,20GMS,16.9,17.84,C0005000,00222100
SOFRAMYCIN SKIN CREAM,155020,100GM,68.77,72.9,C0005000,00222200
SOLIDOSE LIQ,110122,60ML,14.18,15.6,C0003100,00136900
SOLIDOSE TAB,110067,10'S,10.66,11.78,C0003100,00136500
SOMATOSAN INJ 3MG,109046,1ML,2640.0,3000.0,C0003000,59340700
SPACER,116620,1UNIT,238.89,291.0,C0003700,00180800
SPARZID 200MG,110085,10'S,46.39,52.0,C0004100,00126900
SPASRIL TAB,150015,10X10`S,107.76,121.5,C0004400,00142700
SPORIDEX 125MG DIS TABS,106280,10'S,28.82,31.15,C0002700,00121000
SPORIDEX 125MG SYP,106275,40ML,23.13,30.0,C0002700,00120800
SPORIDEX 250MG CAPS,106265,10'S,57.19,63.0,C0002700,00120600
SPORIDEX 250MG DIS TAB,106113,10'S,60.17,0.0,C0002700,00144500
SPORIDEX AF 375MG,117123,10`S,92.13,95.0,C0002700,00167100
SPORIDEX AF750MG,125101,10`S,162.49,0.0,C0002700,00207300
SPORIDEX DROPS,106276,10ML,29.36,35.0,C0002700,00120900
SPORIDEX REDIMIX 125MG SUP,STA120,30ML,27.65,30.0,C0004300,44850500
SPORIDEX REDIMIX 250MGSUP,150075,30ML,40.11,42.2,C0004300,00219900
SPORIDEX REDIMIX DROP 100MG,MV011,10 ML,29.46,33.0,,16217125
SPORIDEX SUS 250 ML,MV003,250ML,40.62,42.0,C0002700,92742162
SPORIDEX-500MG,106270,10'S,106.88,120.0,C0002700,00120700
STA TAB,104203,3`S',52.93,58.65,C0002500,00112200
STAPH-AC CAPS,VAN005,10S,51.15,54.13,C0394900,00213100
STARVAL CAP 160MG,BIO020,10S,117.36,130.0,C0004300,99124400
STARVAL CAP 80MG,BIO039,10S,62.29,69.0,C0004300,59460200
STAVIR 30 CAP,101155,60'S,509.42,540.0,C0003700,00103400
STAVIR 40 CAP,155012,60'S,580.17,615.0,C0003700,00221400
STAXON 400MG TAB,150091,5S,315.95,350.0,C0004300,22613000
STELBID TAB (FOIL),SKF110,10'S,15.03,17.0,C6194700,00164300
STELBID-2 TAB,SKF115,10`S,15.91,18.0,C6194700,00144700
STEMETIL 25MG TABS,105181,10'S,10.82,12.01,C0002600,00115600
STEMETIL 5MG TABS,105180,10'S,9.02,10.0,C0002600,00115500
STEMETIL AMPS,105182,10X1ML,42.9,47.5,C0002600,00115700
STIBS TAB,125057,1SACHET,26.53,29.4,C0004900,00128600
STORVAS 10MG,150090,10'S,66.0,70.0,C0004300,00193400
STORVAS TAB 20MG,150126,10`S,126.38,130.0,C0004300,00124800
STREPSILS AYURVEDIE,117130,2'S,2.7,11.34,C0004200,00159300
STREPSILS LEMON,117170,8'S,11.72,13.23,C0004200,00163700
STREPSILS MENTHOL,117180,8',10.07,11.34,C0004200,00163900
STREPSILS ORANGE,117105,8'S,11.28,13.23,C0004200,00163300
STREPSILS REGULAR,117150,8'S,10.07,11.34,C0004200,00162100
STREPSILS TULACI,117359,2'S,2.7,0.0,C0004200,00202300
STREPTASE 15 LAKHS INJ,101285,SINGLE,2335.3,2497.0,C0002800,00219700
STRESILS GINGER LEMON,117175,8'S,11.72,13.23,C0004200,00163800
STUGERON 25MG TABS,104200,25'S,47.14,52.15,C0002500,00112100
STUGERON FORTE TABS,104205,20'S,99.58,110.0,C0002500,00112300
STUGIL,104206,6'S,29.19,32.35,C0002500,00132900
STYPTIN TAB,109127,10'S,30.47,34.63,C0003000,00148300
SUBBSYDE GEL,190077,5G,15.33,0.0,C0004800,00190600
SUBSYDE CR,190075,10`S,15.31,16.0,C0004800,00182800
SUBSYDE P TAB,190100,10`S,13.51,0.0,C0004800,00183400
SUNRAY 280,105121,20ML,116.31,0.0,C0002600,00112800
SUNRAY 420,105122,20ML,142.53,0.0,C0002600,00112900
SUPACEF INJ 1.5 GM,117092,SINGLE,194.34,215.35,C0004900,00158600
SUPACEF INJ 250MG,125123,SINGALE,47.83,53.0,C0753900,41798200
SUPACEF INJ 750MG,125139,SINGALE,100.22,111.06,C0753900,45314800
SUPRILSTOL PED TAB,115085,10`S,25.85,29.38,C0003600,00218600
SUPRISTIL DS,115100,10X6`S,93.18,98.91,C0003600,00218700
SWEETEX ASPARTAME,117100,100'S,35.28,42.0,C0004200,00152400
SWEETEX LIQUID,117210,25ML,25.26,31.0,C0004200,00165200
SWEETEX PALLETS,117900,250`S,25.6,30.0,C0004200,00214700
SYNCLAR 250,116181,4`S,97.49,108.0,C0003700,00213200
SYNCLAR DRY SYP,SOL304,30ML,81.25,90.0,C0003700,00193100
SYNTOCINON AMP,120009,5X1ML,70.18,79.0,C0002300,00211400
SYRG.C-24G,101405,2ML,165.09,435.0,C6012600,00205400
SYSCAN 150,130043,1`S,28.89,32.0,C0616200,00197000
SYSCAN 200,130045,4`S,139.23,154.5,C0616200,00168100
SYSCAN 50,130042,4`S,37.22,0.0,C0616200,00196900
SYSCAN CT TAB,130055,1+2`S,34.29,38.0,C0616200,00168300
SYSCAN EYE DROPS,130,5ML,22.69,25.15,C0616200,62367900
T BACT OINTMEN,GLA010,5GM,53.02,58.75,C0002900,49928900
TANCODEP TAB,118025,10'S,7.94,8.8,C0004500,00150300
TANCODEP-2,118063,10`S,7.13,7.9,C0004500,00166400
TARGOCID INJ 200MG,150065,PAC,674.52,730.0,C0005000,00161700
TARGOCID INJ 400MG,155007,SINGAL,1108.8,1200.0,C0005000,00220900
TARIVID 200MG,101311,5'S,139.92,155.0,C0002200,00104300
TARIVID 400,101190,5`S,239.88,265.73,C0002200,00223500
TARIVID IV,101186,100ML,83.96,93.01,C0002200,00102600
TARVID I.V 400MG,101283,200ML,137.76,154.73,C0002200,00123600
TAVANIC 500MG TAB,105174,5`S,428.79,475.0,C0005000,00138400
TAVANIC INF,MAC017,SINGAL,180.54,200.0,C0005000,64791000
TAVEGYL 1MG,102260,10`S,43.42,48.6,C0002300,00192300
TEGRETAOL 100MG,120001,10X10`S,85.73,91.44,C0002300,00208800
TEGRETAOL 200MG,120002,10X10`S,152.09,162.26,C0002300,00208900
TEGRETOL 400MG,120003,10`S,29.25,31.19,C0002300,00209000
TEGRETOL SUSP,120004,100ML,22.58,24.05,C0002300,00209100
TEGRITAL CR 200MG,116516,10`S,18.02,19.12,C0002300,00185200
TEGRITAL CR 400MG,116170,10`S,34.52,36.68,C0002300,00172400
TENOVATE CREAM,GLA008,15GM,28.57,32.18,C0002900,94406700
TENOVATE G CREAM,GLA009,15GM,9.24,9.77,C0002900,23609100
TENOVATE M CREAM,GLA014,15GM,33.24,37.45,C0002900,67832900
TERALFA 1,130046,10`S,68.22,75.6,C0616200,00197200
TERALFA-2,130115,10`S,109.1,120.9,C0616200,00215800
TESTOVIRON DEP 250MG,115008,1ML,85.44,97.0,C0003600,00212200
TESTOVIRON DEPOT 100MG,115007,1ML,43.12,49.0,C0003600,00212100
TETANUS TOXOID AMP,121035,50X0.5ML,242.55,262.5,C0003900,00135400
TETANUS TOXOID VIALS,121065,5ML,10.16,11.0,C0003900,00135500
TETRADOX TAB.,150899,8'S,37.32,44.0,C0004400,12275200
THEO ASTHALIN FORTE TAB,116635,10`S,5.75,6.1,C0003700,00181100
THEO ASTHALIN SR TAB,116640,10`S,8.48,8.99,C0003700,00181200
THEO ASTHALIN SYP,116625,100ML,13.17,13.96,C0003700,00180900
THEO ASTHALIN TAB,116630,10`S,3.45,3.66,C0003700,00181000
THIORIL-10,118064,10`S,7.32,8.1,C0004500,00168000
THIORIL-100,118002,10`S,51.84,57.45,C0004500,00205500
THIORIL-25,118003,10`S,15.04,16.65,C0004500,00205600
THIORIL-50,118004,10`S,29.11,32.25,C0004500,00205700
THREPTIN 275GM,190125,275GM,106.5,0.0,C0004800,00183900
THREPTIN MICROMIX,190205,20GMS,97.99,112.0,C0004800,00216900
THROBOPHOB  GEL,109198,20G,39.61,45.01,C0003000,00126700
THROMBOPHOB OIT,109190,20GMS,26.8,30.45,C0003000,00126600
THYRONORM 100MG,122036,100'S,28.89,32.0,C0004700,00155000
THYRONORM 25MG,MAC027,100`S,31.64,25.0,C0004700,70001900
THYRONORM 50MG,103589,100`S,36.11,0.0,C0004700,89609000
TIBIRIM INH TAB,140033,30S,17.39,0.0,C0004400,65478500
TIBOFEM CAP,116997,10;S,225.69,250.0,C0003700,50839600
TIDOMET FORTE,111005,10`S,37.97,40.26,C0004600,00198900
TIDOMET L.S,111003,10`S,15.87,16.83,C0004600,00198700
TIDOMET PLUS,111004,10`S,28.14,29.83,C0004600,00198800
TIXYLIX,SKF016,50ML,20.21,22.26,C0002600,00115800
TOBITIL TAB,106258,10',46.76,0.0,C0004400,00120300
TOBRABACT 5ML,CIB105,5ML,24.83,27.5,C0002300,46073100
TOBRANEG INJ 60MG,106035,VAILS,32.86,36.75,C3781200,00116600
TOBRENEG 80MG,114050,1'S,39.11,43.75,C3781200,00158000
TOCOFER 200,130011,10`S,11.89,12.46,C0616200,00194400
TOCOFER 400,130012,10`S,20.82,22.05,C0616200,00194500
TOPAMAC 25MG TAB,140030,10'S,40.43,43.75,C0002500,00131200
TOPAMAC 50MG TAB,140023,10S,80.85,87.5,C0002500,03046300
TOPCEF 100DT,125021,10S,243.65,270.0,C0003400,92209100
TOPCEF 100MG,130153,10'S,243.65,270.0,C0003400,00124900
TOPCEF 200MG,130142,4`S,175.97,195.0,C0003400,00202600
TOPCEF 50MG,190180,10`S,134.15,150.0,C0003400,00190100
TOPCEF INSTAUSE,100471,30ML,88.53,98.0,C0003400,90002800
TOPCID 20,130013,14`S,3.15,3.34,C0003400,00194600
TOPCID 40,130014,14`S,4.99,5.3,C0003400,00194700
TOPCID CT,130097,14`S,4.53,4.8,C0003400,00201000
TORMOXIN 125,130048,10`S,15.61,17.3,C0003400,00197400
TORMOXIN 250,130047,6`S,27.52,30.5,C0003400,00197300
TORMOXIN 500,130049,6`S,27.97,31.0,C0003400,00197500
TORMOXIN PLUS,130095,10`S,28.17,29.87,C0003400,00199400
TOROSPAR 200MG,130054,6`S,46.02,51.0,C0616200,00197900
TOROXX (MT)25 TAB,116265,10`S,35.64,39.5,C0003400,00174300
TOROXX 12.5 TAB,117219,10`S,21.21,23.5,C0003400,00202200
TOROXX 25MG,117155,10'S,35.64,39.5,C0003400,00162800
TOROXX 25MG SYRUP,130096,30ML,32.48,36.0,C0003400,00200900
TOROXX MT 50MG TAB,104035,10`S,58.65,65.0,C0003400,00109600
TOROXX( MT) 12.5 TAB,116002,10`S,21.21,23.5,C0003400,00200700
TOZAAR 25MG,130558,10`S,17.14,19.0,C0616200,00225600
TOZAAR 50MG,130559,10`S,35.19,39.0,C0616200,00225700
TOZAAR H TAB,190175,10`S,40.61,45.0,C0616200,00190000
TOZAM TAB,190126,10`S,49.63,55.0,C0616200,00185900
TRACRIUM INJ,108060,5X2ML,440.99,488.7,C0753900,00124500
TRENTAL 400MG TAB,107115,10`S,28.72,30.45,C0002800,00123200
TRENTAL AMP,107120,5X15ML,26.22,27.8,C0002800,00123300
TRESIVAC (M.M.R),121025,SINGLE,61.03,66.5,C0003900,00135600
TREXYL 60MG TAB(SC.37.P),106245,10'S,21.22,25.0,C0004400,00120000
TREXYL SYP(SC.40.P),106255,50ML,18.21,20.4,C0004400,00120200
TRINICALM FORTE,118055,10'S,5.13,5.48,C0004500,00150900
TRINICALM PLUS,118006,10`S,5.92,6.55,C0004500,00205800
TRIOMUNE 30 TABS,116995,30S,740.12,801.0,C0003700,25670000
TRIOMUNE 40 TAB,116996,30S,764.75,829.6,C0003700,70249200
TRIPERIDOL TAB,104171,10'S,20.89,23.15,C0872700,00138700
TRIPLE ANTIGEN AMP,121030,50X0.5ML,508.2,551.0,C0003900,00135700
TRIPLE ANTIGEN VIALS,121070,5ML,23.1,25.0,C0003900,00135800
TRIQULIAR TAB.,160002,21`S,31.94,36.3,C0003000,00218900
TRITANTRIX HB MONO,110030,1`S,207.9,225.0,C8081100,00139200
TRITANTRIX-HB MULTI,140003,10DOSES',1016.3,1099.0,C8081100,00140400
TRIVEDON 20,116645,10`S,35.21,39.0,C0003700,00181300
TROPARIN INJ,190181,0.3ML,217.18,246.8,C0004100,43209200
TROPHOX,190135,200GM,97.99,0.34,C0004800,00184100
TROPHOX,190140,500GM,185.38,0.0,C0004800,00184200
TRYMO TAB,190095,8`S,15.91,0.0,C0004800,00183300
TWC,104175,10'S,77.85,85.8,C0002500,00111500
TYFY 300MG TAB,VAN006,10S,4.19,4.63,C0394900,38780300
TYFY DROPS,140050,DTF04,11.62,12.82,C0394900,00131600
TYFY SYP,140036,60ML,13.24,14.62,C0394900,00139500
TYFY-125 TAB,VAN007,10`S,3.62,4.0,C0394900,00213300
TYFY-500 TABS,VAN009,10'S,5.5,6.07,C0394900,00157200
TYFY-650 TABS,VAN008,10'S,9.79,10.3,C0394900,00158800
TYKLID  TAB,111025,10'S,85.73,95.0,C0004600,00157500
TYPHERIX,126184,0.5ML,251.33,272.0,C8081100,00148900
TYPHORAL CAP,101312,3`S,254.1,275.0,C0002200,00104400
U40 29*0.5SYRNG,190155,10`S,45.0,5.9,C0004200,00184700
ULCIKIT TAB,103588,6`S,25.8,30.0,C0002400,54320100
ULTIRON CAP,150072,10`S,15.92,0.0,C0004400,00192800
ULTRAFINE NEEDILS,117140,10`S,49.5,54.0,C0004200,00184600
ULTRAVIST 370 MG VIAL,109208,50ML,897.79,0.0,C0003000,00126800
ULTRAZOX TAB,155010,10'S,47.39,52.5,C0004400,00221200
URCLAR 250MG,116266,10`S,60.79,68.0,C0004100,00185000
UROFLOX 400,130015,10`S,19.49,20.67,C0616200,00129900
UROGRAFIN 76% AMP,115060,20ML,426.8,470.9,C0003600,00134100
UROGRAPHIN60%,115015,20ML,136.4,156.2,C0003600,00133900
URSOFALK 250MG CAPS,MAC024,10`S,105.6,102.0,C0003000,58801300
VALPARIN CHRONO200,140083,10S,22.74,25.2,C0004600,00132500
VALPARIN CHRONO300,140029,10'S,33.17,36.75,C0004600,00141600
VALPARIN CHRONO500,140018,10'S,56.85,63.0,C0004600,00136000
VALPRIN 200,111022,10'S,18.18,20.15,C0004600,00160800
VALPRIN 500,111023,10'S,45.12,50.0,C0004600,00160900
VALPRIN LIQ,111024,100ML,45.12,50.0,C0004600,00161000
VAMLO 10MG TAB,117520,10`S,30.29,34.35,C0004300,00204000
VAMLO 5MG TAB,115101,10`S,15.85,17.95,C0004300,00218800
VAMLO TAB 2.5MG,100280,10S,11.0,12.45,C0004300,12097200
VANCOCIN500MG,114015,10ML,337.26,365.0,C3781200,00127800
VANSPAR 200,VAN202,6'S,46.21,51.0,C0394900,44341100
VARILARIX,SKF097,SINGAL,1242.78,1345.0,C8081100,00153500
VASOPIN 75 TAB,117215,10`S,38.36,42.5,C0616200,00167300
VASOPRIN 150 TAB,SOL303,10`S,38.36,42.5,C0616200,00193000
VASOPRIN LS TAB,130024,10S,24.37,27.0,C0616200,00195600
VASOTRATE 30-OD,130040,7`S,17.05,18.9,C0616200,00142300
VASOTRATE 60-OD,130041,7`S,26.61,29.75,C0616200,00196800
VASOTRATE-10,118014,10`S,9.47,10.5,C0616200,00206500
VASOTRATE-20,118075,10`S,17.96,19.9,C0616200,00151300
VAXEM HIB,101159,SINGALE,406.56,440.0,C0002200,00130800
VEELAC 400GMS,190016,400GMS,78.82,68.0,C0004800,00187800
VELOZ 20 TAB,BIO037,10S,79.41,88.0,C0616200,79407400
VENLIFT 37.50MG TAB,118096,10`S,47.38,52.5,C0004500,00166100
VENLIFT 75MG TAB,VE1110,10`S,72.19,80.0,C0004500,00153000
VENLIFT OD -37.5,140040,10'S,17.46,19.35,C0004500,00131400
VENLIFT OD-75,140027,10'S,34.56,38.3,C0004500,00136300
VENTORIDE INHALER,117096,SINGLE,104.86,111.18,C0002900,00157100
VENTORLIN CAPS 4MG,125039,10S,6.36,6.77,C0002900,38383300
VENTORLIN CAPS 8MG,125038,10S,8.72,9.25,C0002900,50449000
VENTORLIN EXT,MAC030,100ML,11.72,12.44,C0002900,70462400
VENTORLIN INHALER,125035,SINGLE,72.49,76.86,C0002900,97932500
VENTORLIN SYP,130098,100ML,7.98,8.45,C0002900,00223600
VENTORLIN SYP,125020,100ML,7.98,8.45,C0002900,00186100
VIBELAN FORTE CAP,MV002,10S,9.96,10.59,C0004900,11766592
VIP Z SYP,117516,200ML,52.55,60.0,C0394900,00203600
VIP-Z CAPS,116423,10S,39.86,44.0,C0394900,00217500
VITALIA SYRUP,VAN014,150ML,34.27,35.5,C0394900,12928000
VITNEURIN INJ.,110136,6X2ML,26.93,28.56,C0004900,00167900
VOLTAFLAM 50MG,120097,10`S,11.94,13.5,C0002300,00211000
VOLUMATRIC,125036,SINGLE,259.12,319.0,C0002900,30283800
VOVARAN 75,102856,10X10`S,158.88,180.0,C0002300,98661600
VOVERAN 50MG,102040,10X10',111.32,126.0,C0002300,00105400
VOVERAN AMP,102043,25X3ML,142.24,160.0,C0002300,00105600
VOVERAN EMULGEL,102044,30GM,34.28,38.75,C0002300,00105700
VOVERAN EMULGEL,102045,50GM,42.5,48.0,C0002300,00105800
VOVERAN OPHTHA,MAC032,5ML,20.77,23.0,C0002300,89943300
VOVERAN SR 100MG,102042,10X10',180.93,205.0,C0002300,00105500
VOVERAN-D TAB,102046,100'S,119.61,135.0,C0002300,00142200
XIPAMID TAB,115223,10`S,27.76,31.55,C0003600,00212800
ZAAN CT TAB,117519,10S,78.67,86.8,C0394900,00203900
ZAART 25 TAB,CIP088,10`S,18.95,21.0,C0003700,75730900
ZAART 50 TAB,CIP087,10`S,36.11,40.0,C0003700,33924400
ZAART-H TAB,ZAA001,10S,38.37,42.5,C0003700,98461000
ZANCIN OD 400MG,101170,5S,74.47,82.5,C0004300,60012400
ZANCIN OD 800MG,101191,5S,135.41,150.0,C0004300,95567500
ZANCIN TAB 100 MG,150084,6`S,25.99,0.0,C0004300,00189700
ZANOCIN 200MG,150080,8'S,69.51,77.0,C0004300,00162000
ZANOCIN 400MG,114028,4'S,159.96,177.2,C0004300,00128800
ZANOCIN EYE DROPS,150089,15ML,17.56,19.75,C0004300,00190200
ZANOCIN I.V,150085,100ML,82.02,90.85,C0004300,00163500
ZANOCIN TZ TAB,150005,4`S,111.94,0.0,C0004300,00142500
ZANOCIN TZH TAB,150100,4`S,58.6,65.0,C0004300,00201300
ZAPLON 10MG CAP,BIO041,10S,54.14,60.0,C0004500,72322100
ZAPLON 5MG CAP,BIO040,10S,31.58,35.0,C0004500,61966700
ZEFDINIR 300MGCAP,MV0017,4S,220.0,250.0,C0003600,38026290
ZEFDINIR ORAL SUS,MV0016,30ML,149.6,170.0,C0003600,24636835
ZENDOL 100MG,121096,10`S,132.67,148.98,C0003900,00187000
ZENDOL 200MG,121097,10`S,204.66,0.0,C0003900,00187100
ZENDOL 50MG,121095,10`S,70.39,79.05,C0003900,00186900
ZENFER TR CAP,110110,30'S,70.87,75.0,C0003100,00137800
ZENTEL SUSPN 10ML,SKF124,10ML,16.47,18.25,C8081100,00131300
ZENTEL TAB,SKF003,500`S,4146.2,4500.0,C8081100,00149100
ZENTEL TAB 400MG,SKF121,1`S,11.06,12.25,C8081100,00129400
ZEROLAC,190145,200GM,68.62,70.0,C0004800,00184300
ZEROLAC,190150,400GM,127.96,135.0,C0004800,00184400
ZEROSTAT SPACER,108055,1UNIT,123.15,150.0,C0003700,00124400
ZEVIT CAPS,SKF125,30`S,24.83,26.44,C8081100,14463400
ZEVIT DROPS,SKF065,10ML,25.12,27.0,C8081100,28069100
ZEVIT SYRUP,SAK055,100ML,33.57,36.0,C8081100,50597500
ZIDOVIR 100 CAPS,103220,10S,71.15,77.0,C0003700,00160700
ZINETAC 150MG TAB,125049,10S,6.38,6.76,C0004900,00129100
ZINETAC 300MG TAB,125050,10S,11.13,11.8,C0004900,00127100
ZINETAC INJ,125051,5X2ML,12.6,13.35,C0753900,00127200
ZIRTIN,130053,10`S,22.99,0.0,C0003400,00197800
ZODERM CREAM,GLA013,20GM,46.94,52.01,C0002900,36416000
ZODERM LOTION,GLA002,30GM,60.5,67.04,C0002900,84224800
ZOFLUT CREEM,116650,5MGS,28.89,32.0,C0003700,00181400
ZOFLUT LOTION,116009,10ML,51.91,57.5,C0003700,00216800
ZOFLUT OIT,116374,10GM,40.62,45.0,C0003700,00199600
ZOLEFRESH 10MG TAB,115024,10`S,54.31,59.0,C0003200,00212900
ZONDAN INJECTION,117524,5X2ML,151.14,167.5,C0753900,00204400
ZONDAN INJECTIONS,117165,4ML,51.98,57.6,C0753900,00163000
ZONDAN TABS 4MG,117360,6S,63.02,69.84,C0753900,00208700
ZOVIRAX 250MG INJ,BOW119,SINGAL,618.15,685.0,C0753900,04228900
ZOVIRAX SUSP,108109,100ML,183.95,203.0,C0753900,00143200
ZOVIRAX TAB 200MG,BW003,5`S,30.17,33.42,C0753900,00134000
ZOVIRAX TAB 800MG,108120,5`S,116.25,128.82,C0753900,00144300
ZOVIROX OPTHALMIC OINT,125043,5GM,32.45,35.96,C0753900,00129600
ZUCOX 2,125053,1 KIT,58.67,62.39,C0004900,00128400
ZUCOX 3,125054,1 KIT,8.25,8.75,C0004900,00133100
ZUCOX 4,125055,1KIT,17.49,18.64,C0004900,00129200
ZUCOX KIT,125052,3'S,14.72,15.67,C0004900,00128200
ZUPAR TABLETS,BIO002,10S,6.09,6.33,C5766800,35107200
ZYBAN SR TAB,123564,10'S,352.0,400.0,C0002900,00124600
ZYTEE  RB,190055,10ML,26.14,28.0,C0004800,00182500
ZYTEE RB TUBE,190156,10ML,26.14,28.0,C0004800,00185800
